# blastn
# Iteration: 0
# Query: NM_000546.6 Homo sapiens tumor protein p53 (TP53), transcript variant 1, mRNA
# RID: 6SXHBDFH014
# Database: core_nt
# Fields: query acc.ver, subject acc.ver, % identity, alignment length, mismatches, gap opens, q. start, q. end, s. start, s. end, evalue, bit score
# 1487 hits found
NM_000546.6	NM_000546.6	100.000	2512	0	0	1	2512	1	2512	0.0	4639
NM_000546.6	HG975427.1	100.000	2512	0	0	1	2512	56	2567	0.0	4639
NM_000546.6	NM_001276761.3	99.881	2512	0	1	1	2512	1	2509	0.0	4619
NM_000546.6	AF307851.1	99.880	2500	2	1	13	2512	6	2504	0.0	4599
NM_000546.6	BC003596.1	99.880	2490	2	1	23	2512	1	2489	0.0	4580
NM_000546.6	XM_001172077.6	99.364	2515	13	1	1	2512	23	2537	0.0	4553
NM_000546.6	XM_004058511.5	99.363	2512	11	1	1	2512	23	2529	0.0	4545
NM_000546.6	XM_003810066.5	99.204	2512	12	1	1	2512	52	2555	0.0	4521
NM_000546.6	DQ191317.1	99.088	2522	10	5	1	2512	49	2567	0.0	4518
NM_000546.6	FJ207420.1	99.085	2515	11	4	8	2512	1	2513	0.0	4506
NM_000546.6	DQ286964.1	99.085	2515	10	5	8	2512	1	2512	0.0	4505
NM_000546.6	AB082923.1	99.713	2436	3	2	77	2512	1	2432	0.0	4457
NM_000546.6	NM_001407262.1	100.000	2399	0	0	114	2512	217	2615	0.0	4431
NM_000546.6	NM_001407262.1	100.000	114	0	0	1	114	1	114	4.56e-49	211
NM_000546.6	NM_001407266.1	100.000	2399	0	0	114	2512	127	2525	0.0	4431
NM_000546.6	NM_001407265.1	100.000	2398	0	0	115	2512	125	2522	0.0	4429
NM_000546.6	XM_063700589.1	99.333	2399	11	1	114	2512	220	2613	0.0	4337
NM_000546.6	XM_002826974.6	97.771	2512	54	1	1	2512	17	2526	0.0	4327
NM_000546.6	XM_054457336.2	97.651	2512	57	1	1	2512	27	2536	0.0	4311
NM_000546.6	NM_001126118.2	100.000	2296	0	0	217	2512	334	2629	0.0	4241
NM_000546.6	NM_001126118.2	100.000	216	0	0	1	216	1	216	9.06e-106	399
NM_000546.6	JN900492.1	100.000	2296	0	0	217	2512	383	2678	0.0	4241
NM_000546.6	JN900492.1	100.000	216	0	0	1	216	50	265	9.06e-106	399
NM_000546.6	JN214348.1	99.826	2296	2	2	217	2512	121	2414	0.0	4217
NM_000546.6	JN214348.1	100.000	102	0	0	13	114	19	120	2.13e-42	189
NM_000546.6	XM_016931470.3	99.304	2299	13	1	217	2512	336	2634	0.0	4154
NM_000546.6	XM_016931470.3	100.000	216	0	0	1	216	1	216	9.06e-106	399
NM_000546.6	XM_030800485.1	96.429	2520	68	11	1	2512	62	2567	0.0	4135
NM_000546.6	XM_055256596.2	96.380	2514	75	9	1	2512	145	2644	0.0	4124
NM_000546.6	XM_057300362.2	99.129	2296	12	1	217	2512	336	2623	0.0	4122
NM_000546.6	XM_057300362.2	100.000	216	0	0	1	216	1	216	9.06e-106	399
NM_000546.6	XM_032139337.3	96.307	2518	74	11	1	2512	9	2513	0.0	4117
NM_000546.6	XM_023193314.2	95.348	2515	101	5	1	2512	59	2560	0.0	3982
NM_000546.6	XM_005582787.4	95.346	2514	99	10	4	2512	1	2501	0.0	3978
NM_000546.6	XM_012052423.1	95.272	2517	100	9	1	2512	54	2556	0.0	3971
NM_000546.6	XM_003912272.5	95.232	2517	100	9	1	2512	59	2560	0.0	3965
NM_000546.6	XM_071082299.1	95.227	2514	99	10	1	2509	99	2596	0.0	3958
NM_000546.6	XM_045375424.2	95.227	2514	99	12	4	2512	1	2498	0.0	3958
NM_000546.6	XM_011994540.1	95.193	2517	100	9	1	2512	59	2559	0.0	3958
NM_000546.6	XM_011958558.1	95.079	2520	107	7	1	2512	59	2569	0.0	3951
NM_000546.6	XM_025363516.1	95.113	2517	103	10	1	2512	59	2560	0.0	3949
NM_000546.6	XM_011994541.1	95.074	2517	100	11	1	2512	59	2556	0.0	3940
NM_000546.6	XM_025363515.1	95.000	2520	103	11	1	2512	59	2563	0.0	3934
NM_000546.6	XM_011958559.1	94.960	2520	107	9	1	2512	59	2566	0.0	3932
NM_000546.6	XM_025363517.1	94.994	2517	103	12	1	2512	59	2557	0.0	3928
NM_000546.6	XM_033184717.1	94.913	2516	108	7	1	2512	59	2558	0.0	3919
NM_000546.6	XM_010362387.1	94.754	2516	112	7	1	2512	59	2558	0.0	3897
NM_000546.6	XM_077969494.1	94.829	2514	99	12	4	2512	1	2488	0.0	3893
NM_000546.6	XM_017850545.1	94.714	2516	113	7	1	2512	59	2558	0.0	3892
NM_000546.6	XM_008010194.3	94.622	2510	104	11	8	2512	1	2484	0.0	3858
NM_000546.6	XM_050765347.1	95.545	2402	92	9	114	2512	262	2651	0.0	3829
NM_000546.6	XM_050765346.1	95.545	2402	92	9	114	2512	1074	3463	0.0	3829
NM_000546.6	XM_077969492.1	95.087	2402	92	9	114	2512	216	2594	0.0	3759
NM_000546.6	XM_077969493.1	95.085	2401	92	9	115	2512	126	2503	0.0	3757
NM_000546.6	X01405.1	99.373	2072	4	8	443	2512	2	2066	0.0	3746
NM_000546.6	XM_017850544.1	94.835	2401	106	6	114	2512	211	2595	0.0	3731
NM_000546.6	NM_001276697.3	100.000	1996	0	0	517	2512	8	2003	0.0	3687
NM_000546.6	DQ186650.1	98.953	2006	9	4	517	2512	253	2256	0.0	3578
NM_000546.6	XM_008010192.3	94.693	2299	93	10	217	2512	325	2597	0.0	3542
NM_000546.6	XM_008010192.3	93.659	205	11	1	14	216	1	205	2.03e-77	305
NM_000546.6	XM_055256597.2	96.445	2138	62	8	375	2512	359	2482	0.0	3515
NM_000546.6	XM_055256597.2	96.285	323	10	1	1	321	43	365	1.11e-144	529
NM_000546.6	NM_001047151.2	94.968	2206	84	11	52	2252	1	2184	0.0	3434
NM_000546.6	XM_011994542.1	95.376	2141	80	8	375	2512	362	2486	0.0	3387
NM_000546.6	XM_011994542.1	94.427	323	16	1	1	321	46	368	1.12e-134	496
NM_000546.6	XM_025363518.1	95.329	2141	82	9	375	2512	272	2397	0.0	3384
NM_000546.6	XM_025363518.1	94.604	278	13	1	46	321	1	278	1.16e-114	429
NM_000546.6	XM_011958560.1	95.265	2133	86	6	386	2512	361	2484	0.0	3365
NM_000546.6	XM_011958560.1	94.044	319	17	1	1	317	46	364	8.74e-131	483
NM_000546.6	XM_077969495.1	95.070	2130	79	9	386	2512	313	2419	0.0	3328
NM_000546.6	XM_077969495.1	94.620	316	15	1	4	317	1	316	1.88e-132	488
NM_000546.6	XM_003929186.3	90.484	2522	197	17	1	2512	46	2534	0.0	3288
NM_000546.6	XM_063629529.1	96.443	1996	57	8	517	2512	293	2274	0.0	3280
NM_000546.6	XM_063629529.1	95.635	252	8	2	1	249	54	305	2.52e-106	401
NM_000546.6	AK297927.1	98.362	1831	0	1	1	1831	1	1801	0.0	3188
NM_000546.6	XM_064378363.1	89.794	2528	199	24	1	2512	43	2527	0.0	3184
NM_000546.6	XM_002747948.6	89.605	2530	213	23	1	2512	19	2516	0.0	3169
NM_000546.6	XM_032280431.1	89.509	2526	218	21	1	2512	60	2552	0.0	3153
NM_000546.6	XM_017531594.2	89.482	2529	214	25	1	2512	47	2540	0.0	3149
NM_000546.6	NR_176326.1	100.000	1699	0	0	814	2512	701	2399	0.0	3138
NM_000546.6	NR_176326.1	99.859	708	0	1	1	708	1	707	0.0	1301
NM_000546.6	K03199.1	99.881	1684	2	0	4	1687	76	1759	0.0	3099
NM_000546.6	AK223026.1	99.940	1665	1	0	848	2512	1	1665	0.0	3070
NM_000546.6	XM_039476036.2	90.582	2304	179	15	217	2512	396	2669	0.0	3018
NM_000546.6	XM_039476036.2	89.450	218	18	2	1	216	47	261	7.41e-67	270
NM_000546.6	AK225838.1	99.938	1618	1	0	4	1621	2	1619	0.0	2983
NM_000546.6	XM_064378362.1	89.870	2310	180	22	217	2512	374	2643	0.0	2920
NM_000546.6	XM_064378362.1	88.991	218	19	2	1	216	43	257	3.45e-65	265
NM_000546.6	XM_032280430.1	89.688	2308	196	19	217	2512	391	2668	0.0	2905
NM_000546.6	XM_032280430.1	87.615	218	22	2	1	216	60	274	3.47e-60	248
NM_000546.6	XM_025363519.1	95.618	1780	72	5	217	1993	114	1890	0.0	2850
NM_000546.6	XR_001828562.2	87.152	2514	256	26	11	2512	3	2461	0.0	2791
NM_000546.6	XM_035299886.3	90.175	2005	160	16	517	2512	390	2366	0.0	2577
NM_000546.6	XM_035299886.3	86.059	373	41	5	1	365	19	388	5.45e-103	390
NM_000546.6	NM_001407269.1	100.000	1377	0	0	1136	2512	1266	2642	0.0	2543
NM_000546.6	NM_001407269.1	99.736	1135	0	1	1	1135	1	1132	0.0	2076
NM_000546.6	NM_001407270.1	100.000	1377	0	0	1136	2512	1282	2658	0.0	2543
NM_000546.6	NM_001407270.1	100.000	1022	0	0	114	1135	127	1148	0.0	1888
NM_000546.6	NM_001276698.3	100.000	1377	0	0	1136	2512	760	2136	0.0	2543
NM_000546.6	NM_001276698.3	100.000	619	0	0	517	1135	8	626	0.0	1144
NM_000546.6	NM_001276696.3	100.000	1377	0	0	1136	2512	1269	2645	0.0	2543
NM_000546.6	NM_001276696.3	100.000	1135	0	0	1	1135	1	1135	0.0	2097
NM_000546.6	NM_001276695.3	100.000	1377	0	0	1136	2512	1196	2572	0.0	2543
NM_000546.6	NM_001276695.3	100.000	1137	0	0	1	1137	1	1137	0.0	2100
NM_000546.6	NM_001276699.3	100.000	1377	0	0	1136	2512	687	2063	0.0	2543
NM_000546.6	NM_001276699.3	100.000	621	0	0	517	1137	8	628	0.0	1147
NM_000546.6	AK297462.1	99.780	1362	3	0	392	1753	317	1678	0.0	2499
NM_000546.6	AK297462.1	100.000	314	0	0	4	317	4	317	3.01e-160	580
NM_000546.6	DQ186649.1	98.558	1387	8	4	1136	2512	1186	2570	0.0	2440
NM_000546.6	DQ186649.1	99.911	1128	0	1	10	1137	1	1127	0.0	2076
NM_000546.6	DQ186648.1	98.558	1387	8	4	1136	2512	1259	2643	0.0	2440
NM_000546.6	DQ186648.1	99.734	1126	2	1	10	1135	1	1125	0.0	2061
NM_000546.6	DQ186652.1	98.486	1387	9	4	1136	2512	932	2316	0.0	2435
NM_000546.6	DQ186652.1	100.000	621	0	0	517	1137	253	873	0.0	1147
NM_000546.6	DQ186651.1	98.486	1387	9	4	1136	2512	1005	2389	0.0	2435
NM_000546.6	DQ186651.1	100.000	619	0	0	517	1135	253	871	0.0	1144
NM_000546.6	X02469.1	100.000	1317	0	0	8	1324	1	1317	0.0	2433
NM_000546.6	AK312568.1	99.849	1321	2	0	4	1324	6	1326	0.0	2429
NM_000546.6	AF192534.1	100.000	1305	0	0	87	1391	865	2169	0.0	2410
NM_000546.6	M14694.1	99.770	1307	3	0	18	1324	1	1307	0.0	2398
NM_000546.6	M14695.1	99.770	1304	2	1	21	1324	1	1303	0.0	2390
NM_000546.6	OK040661.1	99.844	1280	1	1	1233	2512	2718264	2716986	0.0	2351
NM_000546.6	OK040661.1	100.000	280	0	0	238	517	2724838	2724559	2.40e-141	518
NM_000546.6	OK040661.1	100.000	187	0	0	517	703	2723802	2723616	1.20e-89	346
NM_000546.6	OK040661.1	100.000	139	0	0	923	1061	2722404	2722266	5.77e-63	257
NM_000546.6	OK040661.1	81.481	324	50	8	2068	2384	13000923	13001243	5.77e-63	257
NM_000546.6	OK040661.1	81.848	303	50	5	2079	2378	14399119	14398819	9.65e-61	250
NM_000546.6	OK040661.1	81.000	300	52	3	2080	2375	14971617	14971915	9.72e-56	233
NM_000546.6	OK040661.1	80.844	308	44	11	2077	2377	6519795	6519496	4.52e-54	228
NM_000546.6	OK040661.1	81.145	297	43	11	2073	2362	11065096	11065386	1.63e-53	226
NM_000546.6	OK040661.1	79.751	321	51	10	2064	2375	12130820	12131135	7.57e-52	220
NM_000546.6	OK040661.1	80.836	287	48	6	2080	2362	16680318	16680601	2.72e-51	219
NM_000546.6	OK040661.1	80.201	298	52	4	2081	2375	7783064	7783357	9.79e-51	217
NM_000546.6	OK040661.1	99.167	120	0	1	701	819	2723537	2723418	3.52e-50	215
NM_000546.6	OK040661.1	80.000	305	50	8	2079	2375	3309791	3310092	3.52e-50	215
NM_000546.6	OK040661.1	81.295	278	41	9	2091	2362	6549676	6549948	3.52e-50	215
NM_000546.6	OK040661.1	80.000	300	50	8	2090	2384	398938	398644	1.27e-49	213
NM_000546.6	OK040661.1	80.702	285	46	8	2094	2374	2804847	2805126	1.27e-49	213
NM_000546.6	OK040661.1	79.487	312	55	6	2076	2382	4423654	4423347	1.27e-49	213
NM_000546.6	OK040661.1	79.612	309	52	9	2085	2389	33580	33279	4.56e-49	211
NM_000546.6	OK040661.1	100.000	114	0	0	1	114	2736055	2735942	4.56e-49	211
NM_000546.6	OK040661.1	79.863	293	54	4	2085	2374	975245	974955	1.64e-48	209
NM_000546.6	OK040661.1	80.000	295	49	7	2084	2374	10070917	10070629	1.64e-48	209
NM_000546.6	OK040661.1	79.412	306	56	6	2075	2375	11244055	11243752	1.64e-48	209
NM_000546.6	OK040661.1	99.138	116	0	1	809	924	2722860	2722746	5.89e-48	207
NM_000546.6	OK040661.1	78.683	319	62	5	2075	2387	3560117	3559799	5.89e-48	207
NM_000546.6	OK040661.1	79.365	315	49	10	2076	2378	10665393	10665083	5.89e-48	207
NM_000546.6	OK040661.1	80.727	275	44	5	2083	2350	1811891	1812163	2.12e-47	206
NM_000546.6	OK040661.1	79.725	291	54	3	2098	2384	16099616	16099905	2.12e-47	206
NM_000546.6	OK040661.1	100.000	110	0	0	1133	1242	2719283	2719174	7.62e-47	204
NM_000546.6	OK040661.1	79.730	296	49	9	2091	2378	8863486	8863194	7.62e-47	204
NM_000546.6	OK040661.1	79.530	298	51	7	2082	2374	10092414	10092122	7.62e-47	204
NM_000546.6	OK040661.1	79.016	305	56	7	2084	2384	2199100	2199400	2.74e-46	202
NM_000546.6	OK040661.1	79.592	294	50	8	2088	2376	13359552	13359840	2.74e-46	202
NM_000546.6	OK040661.1	80.137	292	41	13	2082	2362	13795466	13795751	2.74e-46	202
NM_000546.6	OK040661.1	79.798	297	42	11	2089	2375	4629266	4628978	9.86e-46	200
NM_000546.6	OK040661.1	79.931	289	44	11	2094	2374	11580592	11580310	9.86e-46	200
NM_000546.6	OK040661.1	79.016	305	55	7	2085	2384	15031567	15031267	9.86e-46	200
NM_000546.6	OK040661.1	79.333	300	49	12	2093	2384	988907	988613	3.55e-45	198
NM_000546.6	OK040661.1	79.452	292	49	8	2089	2374	7234919	7235205	1.28e-44	196
NM_000546.6	OK040661.1	79.514	288	49	8	2091	2374	9442639	9442920	1.28e-44	196
NM_000546.6	OK040661.1	79.252	294	51	8	2074	2362	14833062	14833350	1.28e-44	196
NM_000546.6	OK040661.1	79.643	280	49	5	2104	2375	4834892	4834613	4.59e-44	195
NM_000546.6	OK040661.1	79.522	293	45	13	2092	2375	7789300	7789586	4.59e-44	195
NM_000546.6	OK040661.1	78.317	309	61	3	2079	2384	13995856	13995551	4.59e-44	195
NM_000546.6	OK040661.1	79.054	296	51	8	2090	2378	12417535	12417244	1.65e-43	193
NM_000546.6	OK040661.1	100.000	103	0	0	114	216	2725188	2725086	5.93e-43	191
NM_000546.6	OK040661.1	78.758	306	50	12	2079	2374	12501583	12501283	5.93e-43	191
NM_000546.6	OK040661.1	78.618	304	51	10	2079	2375	2335683	2335979	2.13e-42	189
NM_000546.6	OK040661.1	78.947	285	54	5	2093	2377	2838800	2839078	2.13e-42	189
NM_000546.6	OK040661.1	78.176	307	57	9	2074	2375	3342103	3342404	7.68e-42	187
NM_000546.6	OK040661.1	78.571	294	56	6	2088	2378	5197487	5197198	7.68e-42	187
NM_000546.6	OK040661.1	79.211	279	49	7	2107	2378	5679412	5679136	2.76e-41	185
NM_000546.6	OK040661.1	78.289	304	55	5	2089	2384	5779195	5778895	2.76e-41	185
NM_000546.6	OK040661.1	78.767	292	50	11	2078	2362	12678688	12678974	2.76e-41	185
NM_000546.6	OK040661.1	79.038	291	45	12	2077	2362	13774559	13774280	2.76e-41	185
NM_000546.6	OK040661.1	78.305	295	56	4	2084	2375	135622	135911	9.93e-41	183
NM_000546.6	OK040661.1	78.966	290	46	11	2077	2362	10687597	10687875	9.93e-41	183
NM_000546.6	OK040661.1	77.673	318	59	8	2075	2384	11425255	11424942	9.93e-41	183
NM_000546.6	OK040661.1	79.630	270	44	6	2100	2362	15816710	15816975	9.93e-41	183
NM_000546.6	OK040661.1	78.000	300	59	6	2090	2384	3289869	3289572	3.57e-40	182
NM_000546.6	OK040661.1	80.579	242	42	3	2123	2362	10419442	10419680	3.57e-40	182
NM_000546.6	OK040661.1	78.716	296	46	15	2092	2376	11925139	11924850	3.57e-40	182
NM_000546.6	OK040661.1	77.399	323	62	10	2068	2384	15757482	15757165	3.57e-40	182
NM_000546.6	OK040661.1	80.894	246	31	10	2093	2327	2854432	2854192	1.28e-39	180
NM_000546.6	OK040661.1	77.885	312	54	10	2075	2375	4739662	4739969	1.28e-39	180
NM_000546.6	OK040661.1	78.595	299	45	14	2086	2374	6936542	6936831	1.28e-39	180
NM_000546.6	OK040661.1	78.571	294	46	15	2091	2374	12965724	12965438	4.62e-39	178
NM_000546.6	OK040661.1	78.723	282	48	10	2089	2362	16212577	16212854	4.62e-39	178
NM_000546.6	OK040661.1	78.082	292	54	9	2089	2375	14057050	14057336	1.66e-38	176
NM_000546.6	OK040661.1	78.146	302	46	10	2087	2375	544938	544644	5.98e-38	174
NM_000546.6	OK040661.1	77.888	303	51	9	2086	2374	4591855	4592155	5.98e-38	174
NM_000546.6	OK040661.1	78.369	282	52	6	2100	2374	13530706	13530985	5.98e-38	174
NM_000546.6	OK040661.1	83.696	184	30	0	2194	2377	14633116	14633299	5.98e-38	174
NM_000546.6	OK040661.1	78.369	282	52	6	2100	2374	15510711	15510432	5.98e-38	174
NM_000546.6	OK040661.1	78.339	277	53	4	2104	2375	321425	321699	2.15e-37	172
NM_000546.6	OK040661.1	78.351	291	45	12	2074	2363	14799064	14799337	2.15e-37	172
NM_000546.6	OK040661.1	78.788	264	49	4	2115	2373	10059797	10059536	7.73e-37	171
NM_000546.6	OK040661.1	82.723	191	33	0	2194	2384	12270797	12270607	7.73e-37	171
NM_000546.6	OK040661.1	77.419	310	55	11	2073	2378	15155727	15155429	7.73e-37	171
NM_000546.6	OK040661.1	77.966	295	48	12	2088	2374	6085708	6085423	2.78e-36	169
NM_000546.6	OK040661.1	77.451	306	53	13	2079	2375	10260560	10260858	2.78e-36	169
NM_000546.6	OK040661.1	77.551	294	57	7	2088	2376	16688116	16688405	2.78e-36	169
NM_000546.6	OK040661.1	77.288	295	57	8	2086	2375	1437839	1438128	3.60e-35	165
NM_000546.6	OK040661.1	79.668	241	40	8	2084	2319	2013532	2013296	3.60e-35	165
NM_000546.6	OK040661.1	77.551	294	53	11	2076	2362	9426707	9426994	3.60e-35	165
NM_000546.6	OK040661.1	77.409	301	52	15	2072	2362	10984855	10985149	3.60e-35	165
NM_000546.6	OK040661.1	77.397	292	52	9	2086	2374	4374692	4374972	4.65e-34	161
NM_000546.6	OK040661.1	76.547	307	61	8	2075	2376	20223	20523	6.02e-33	158
NM_000546.6	OK040661.1	79.325	237	40	6	2085	2314	2521677	2521911	6.02e-33	158
NM_000546.6	OK040661.1	76.636	321	54	14	2073	2385	2783996	2784303	6.02e-33	158
NM_000546.6	OK040661.1	77.612	268	54	3	2113	2374	14643857	14644124	6.02e-33	158
NM_000546.6	OK040661.1	76.582	316	54	17	2072	2374	1331991	1331683	2.16e-32	156
NM_000546.6	OK040661.1	77.617	277	49	11	2092	2362	5826288	5826557	2.16e-32	156
NM_000546.6	OK040661.1	77.083	288	55	8	2093	2375	8407980	8407699	2.16e-32	156
NM_000546.6	OK040661.1	77.193	285	51	11	2086	2362	11086988	11087266	7.79e-32	154
NM_000546.6	OK040661.1	76.489	319	51	16	2074	2375	16236211	16235900	2.80e-31	152
NM_000546.6	OK040661.1	77.113	284	49	11	2104	2376	11424730	11424452	1.01e-30	150
NM_000546.6	OK040661.1	77.061	279	53	6	2104	2378	11678135	11678406	1.01e-30	150
NM_000546.6	OK040661.1	76.623	308	50	15	2072	2362	13417155	13417457	1.01e-30	150
NM_000546.6	OK040661.1	81.667	180	30	3	2199	2376	2141564	2141386	1.30e-29	147
NM_000546.6	OK040661.1	76.408	284	60	7	2096	2374	3709643	3709924	1.30e-29	147
NM_000546.6	OK040661.1	76.207	290	61	6	2087	2373	5070833	5070549	1.30e-29	147
NM_000546.6	OK040661.1	77.061	279	49	7	2088	2362	12662834	12663101	1.30e-29	147
NM_000546.6	OK040661.1	88.983	118	13	0	2263	2380	14737632	14737749	1.30e-29	147
NM_000546.6	OK040661.1	76.655	287	52	11	2093	2374	9538424	9538148	4.69e-29	145
NM_000546.6	OK040661.1	80.412	194	35	3	2129	2320	13260640	13260448	4.69e-29	145
NM_000546.6	OK040661.1	76.510	298	50	14	2096	2378	14745857	14745565	4.69e-29	145
NM_000546.6	OK040661.1	80.541	185	36	0	2200	2384	1447423	1447607	1.69e-28	143
NM_000546.6	OK040661.1	75.817	306	60	10	2083	2381	14287696	14287994	1.69e-28	143
NM_000546.6	OK040661.1	100.000	76	0	0	1060	1135	2722175	2722100	6.06e-28	141
NM_000546.6	OK040661.1	76.066	305	51	15	2068	2362	4418487	4418195	2.18e-27	139
NM_000546.6	OK040661.1	76.325	283	54	9	2099	2375	13194267	13193992	2.18e-27	139
NM_000546.6	OK040661.1	76.596	282	45	14	2082	2346	3154501	3154224	2.82e-26	135
NM_000546.6	OK040661.1	75.081	309	65	11	2072	2374	10888074	10888376	1.01e-25	134
NM_000546.6	OK040661.1	76.892	251	46	7	2120	2362	13231152	13231398	3.65e-25	132
NM_000546.6	OK040661.1	76.829	246	50	6	2104	2346	15131145	15130904	3.65e-25	132
NM_000546.6	OK040661.1	75.839	298	49	15	2087	2373	44944	44659	1.31e-24	130
NM_000546.6	OK040661.1	75.490	306	51	15	2078	2362	1614103	1613801	4.72e-24	128
NM_000546.6	OK040661.1	75.439	285	58	12	2098	2377	12882655	12882932	4.72e-24	128
NM_000546.6	OK040661.1	85.246	122	18	0	2253	2374	10979720	10979599	1.70e-23	126
NM_000546.6	OK040661.1	80.233	172	28	4	2204	2372	5216378	5216546	6.10e-23	124
NM_000546.6	OK040661.1	76.423	246	47	6	2135	2374	3070299	3070059	2.20e-22	122
NM_000546.6	OK040661.1	75.254	295	53	10	2094	2374	3181199	3180911	2.20e-22	122
NM_000546.6	OK040661.1	75.497	302	44	15	2087	2384	2692129	2692404	7.90e-22	121
NM_000546.6	OK040661.1	75.627	279	49	12	2089	2362	9028194	9027930	7.90e-22	121
NM_000546.6	OK040661.1	76.957	230	42	9	2139	2362	13453417	13453641	7.90e-22	121
NM_000546.6	OK040661.1	85.217	115	17	0	2263	2377	8583102	8582988	2.84e-21	119
NM_000546.6	OK040661.1	76.623	231	44	6	2159	2381	16304743	16304515	2.84e-21	119
NM_000546.6	OK040661.1	75.600	250	55	6	2113	2358	16310416	16310169	2.84e-21	119
NM_000546.6	OK040661.1	76.623	231	43	8	2104	2327	392984	392758	1.02e-20	117
NM_000546.6	OK040661.1	75.166	302	47	15	2087	2383	13069229	13069507	1.02e-20	117
NM_000546.6	OK040661.1	90.805	87	8	0	2291	2377	13563653	13563739	1.02e-20	117
NM_000546.6	OK040661.1	89.130	92	10	0	2269	2360	7911681	7911590	3.67e-20	115
NM_000546.6	OK040661.1	76.682	223	42	8	2113	2327	13082949	13082729	3.67e-20	115
NM_000546.6	OK040661.1	82.014	139	22	3	2245	2380	16539351	16539213	3.67e-20	115
NM_000546.6	OK040661.1	84.167	120	15	4	2266	2383	9359815	9359932	1.32e-19	113
NM_000546.6	OK040661.1	76.211	227	45	9	2098	2316	5140251	5140476	4.75e-19	111
NM_000546.6	OK040661.1	89.655	87	9	0	2291	2377	11849166	11849080	4.75e-19	111
NM_000546.6	OK040661.1	89.655	87	9	0	2291	2377	15477727	15477641	4.75e-19	111
NM_000546.6	OK040661.1	74.648	284	54	10	2096	2362	12361533	12361251	1.71e-18	110
NM_000546.6	OK040661.1	74.324	296	57	12	2098	2385	336464	336180	6.15e-18	108
NM_000546.6	OK040661.1	84.404	109	16	1	2276	2384	441856	441963	2.21e-17	106
NM_000546.6	OK040661.1	76.329	207	43	5	2129	2331	8123948	8123744	2.21e-17	106
NM_000546.6	OK040661.1	83.333	114	19	0	2263	2376	9221427	9221540	2.21e-17	106
NM_000546.6	OK040661.1	82.114	123	22	0	2254	2376	10618296	10618418	2.21e-17	106
NM_000546.6	OK040661.1	74.286	280	58	10	2086	2359	11357345	11357616	2.21e-17	106
NM_000546.6	OK040661.1	85.321	109	9	4	2254	2362	11566592	11566693	2.21e-17	106
NM_000546.6	OK040661.1	81.022	137	21	5	2254	2386	13382804	13382939	7.95e-17	104
NM_000546.6	OK040661.1	79.487	156	25	6	2073	2223	16185827	16185980	7.95e-17	104
NM_000546.6	OK040661.1	81.102	127	24	0	2248	2374	351234	351360	2.86e-16	102
NM_000546.6	OK040661.1	74.126	286	54	11	2107	2384	10382636	10382909	1.03e-15	100
NM_000546.6	OK040661.1	85.000	100	14	1	2263	2362	12339569	12339667	1.03e-15	100
NM_000546.6	OK040661.1	86.667	90	12	0	2287	2376	15365778	15365689	1.03e-15	100
NM_000546.6	OK040661.1	81.897	116	21	0	2245	2360	16314765	16314650	3.70e-15	99.0
NM_000546.6	OK040661.1	83.333	108	14	3	2275	2380	1400649	1400754	1.33e-14	97.1
NM_000546.6	OK040661.1	75.000	232	47	4	2107	2328	6430651	6430881	1.33e-14	97.1
NM_000546.6	OK040661.1	73.852	283	56	13	2088	2362	11356532	11356260	1.33e-14	97.1
NM_000546.6	OK040661.1	74.419	258	49	12	2140	2386	5663927	5663676	4.79e-14	95.3
NM_000546.6	OK040661.1	86.364	88	10	2	2276	2362	7106814	7106900	4.79e-14	95.3
NM_000546.6	OK040661.1	83.000	100	17	0	2263	2362	76363	76264	6.19e-13	91.6
NM_000546.6	OK040661.1	82.692	104	16	2	2255	2357	12606741	12606639	6.19e-13	91.6
NM_000546.6	OK040661.1	84.043	94	14	1	2289	2381	5151728	5151635	2.23e-12	89.8
NM_000546.6	OK040661.1	82.828	99	17	0	2276	2374	16169050	16169148	2.23e-12	89.8
NM_000546.6	OK040661.1	89.855	69	6	1	2268	2335	12666612	12666544	8.01e-12	87.9
NM_000546.6	OK040661.1	84.524	84	13	0	2290	2373	2556035	2555952	1.04e-10	84.2
NM_000546.6	OK040661.1	74.324	222	46	6	2144	2362	14607056	14607269	1.04e-10	84.2
NM_000546.6	OK040661.1	83.908	87	14	0	2289	2375	14976161	14976075	1.04e-10	84.2
NM_000546.6	OK040661.1	77.632	152	23	9	2079	2222	2643706	2643558	3.73e-10	82.4
NM_000546.6	OK040661.1	83.529	85	14	0	2287	2371	14135198	14135114	1.34e-09	80.5
NM_000546.6	OK040661.1	85.526	76	11	0	2287	2362	14213986	14214061	1.34e-09	80.5
NM_000546.6	OK040661.1	83.529	85	14	0	2287	2371	14261365	14261281	1.34e-09	80.5
NM_000546.6	OK040661.1	73.118	279	51	9	2107	2376	14281317	14281054	4.82e-09	78.7
NM_000546.6	OK040661.1	85.135	74	11	0	2287	2360	13967731	13967658	1.73e-08	76.8
NM_000546.6	OK040661.1	78.632	117	23	2	2261	2376	14942740	14942625	1.73e-08	76.8
NM_000546.6	OK040661.1	79.808	104	20	1	2260	2362	600517	600620	6.24e-08	75.0
NM_000546.6	OK040661.1	72.760	279	52	9	2107	2376	14155155	14154892	2.24e-07	73.1
NM_000546.6	OK040661.1	88.333	60	6	1	2287	2346	8015854	8015912	8.07e-07	71.3
NM_000546.6	OK040661.1	79.592	98	19	1	2287	2384	13427177	13427081	2.90e-06	69.4
NM_000546.6	OK040661.1	83.562	73	11	1	2254	2326	3416665	3416594	1.04e-05	67.6
NM_000546.6	OK040661.1	82.667	75	10	2	2158	2229	4887523	4887449	1.35e-04	63.9
NM_000546.6	OK040661.1	81.081	74	14	0	2289	2362	14932704	14932777	0.002	60.2
NM_000546.6	CP034495.1	99.844	1280	1	1	1233	2512	7573017	7571739	0.0	2351
NM_000546.6	CP034495.1	99.844	1280	1	1	1233	2512	87753286	87752008	0.0	2351
NM_000546.6	CP034495.1	100.000	280	0	0	238	517	7579591	7579312	2.40e-141	518
NM_000546.6	CP034495.1	100.000	280	0	0	238	517	87759860	87759581	2.40e-141	518
NM_000546.6	CP034495.1	100.000	187	0	0	517	703	7578555	7578369	1.20e-89	346
NM_000546.6	CP034495.1	100.000	187	0	0	517	703	87758824	87758638	1.20e-89	346
NM_000546.6	CP034495.1	81.734	323	50	6	2068	2384	63486845	63486526	4.46e-64	261
NM_000546.6	CP034495.1	100.000	139	0	0	923	1061	7577157	7577019	5.77e-63	257
NM_000546.6	CP034495.1	81.481	324	50	8	2068	2384	17855687	17856007	5.77e-63	257
NM_000546.6	CP034495.1	100.000	139	0	0	923	1061	87757426	87757288	5.77e-63	257
NM_000546.6	CP034495.1	82.508	303	42	9	2082	2377	45387284	45386986	2.07e-62	255
NM_000546.6	CP034495.1	81.848	303	50	5	2079	2378	19253884	19253584	9.65e-61	250
NM_000546.6	CP034495.1	81.613	310	49	6	2081	2384	58351346	58351039	9.65e-61	250
NM_000546.6	CP034495.1	81.587	315	45	10	2068	2376	65055079	65055386	3.47e-60	248
NM_000546.6	CP034495.1	81.270	315	49	8	2068	2377	73987266	73986957	1.25e-59	246
NM_000546.6	CP034495.1	82.168	286	42	8	2081	2362	76540906	76540626	7.52e-57	237
NM_000546.6	CP034495.1	81.188	303	48	6	2081	2378	70748379	70748677	2.70e-56	235
NM_000546.6	CP034495.1	81.000	300	52	3	2080	2375	19826382	19826680	9.72e-56	233
NM_000546.6	CP034495.1	80.844	308	47	8	2084	2384	2626481	2626783	3.50e-55	231
NM_000546.6	CP034495.1	81.063	301	48	7	2080	2375	76159972	76159676	3.50e-55	231
NM_000546.6	CP034495.1	81.690	284	47	3	2094	2374	78486696	78486415	3.50e-55	231
NM_000546.6	CP034495.1	80.844	308	47	8	2084	2384	82806750	82807052	3.50e-55	231
NM_000546.6	CP034495.1	81.533	287	45	5	2091	2374	45704649	45704368	1.26e-54	230
NM_000546.6	CP034495.1	81.379	290	47	5	2088	2373	73523265	73522979	1.26e-54	230
NM_000546.6	CP034495.1	80.844	308	44	11	2077	2377	11374552	11374253	4.52e-54	228
NM_000546.6	CP034495.1	81.145	297	43	11	2073	2362	15919858	15920148	1.63e-53	226
NM_000546.6	CP034495.1	80.000	310	56	3	2080	2386	2308002	2308308	5.85e-53	224
NM_000546.6	CP034495.1	80.399	301	53	6	2089	2384	30151165	30150866	5.85e-53	224
NM_000546.6	CP034495.1	80.000	310	56	3	2080	2386	82488271	82488577	5.85e-53	224
NM_000546.6	CP034495.1	81.034	290	46	8	2099	2383	55141766	55142051	2.10e-52	222
NM_000546.6	CP034495.1	79.385	325	60	5	2067	2384	67252571	67252895	2.10e-52	222
NM_000546.6	CP034495.1	79.936	314	54	7	2080	2389	71324377	71324685	2.10e-52	222
NM_000546.6	CP034495.1	79.751	321	51	10	2064	2375	16985583	16985898	7.57e-52	220
NM_000546.6	CP034495.1	80.399	301	50	8	2083	2378	40022468	40022764	7.57e-52	220
NM_000546.6	CP034495.1	79.683	315	56	7	2068	2374	44354145	44354459	7.57e-52	220
NM_000546.6	CP034495.1	79.872	313	53	9	2068	2374	47821129	47820821	7.57e-52	220
NM_000546.6	CP034495.1	80.969	289	46	6	2092	2375	54929786	54929502	7.57e-52	220
NM_000546.6	CP034495.1	80.836	287	48	6	2080	2362	21535085	21535368	2.72e-51	219
NM_000546.6	CP034495.1	79.868	303	57	2	2085	2384	27519285	27519586	2.72e-51	219
NM_000546.6	CP034495.1	80.822	292	45	8	2093	2378	44524138	44523852	2.72e-51	219
NM_000546.6	CP034495.1	80.822	292	45	8	2093	2378	44741843	44741557	2.72e-51	219
NM_000546.6	CP034495.1	80.405	296	51	7	2084	2375	60577231	60576939	2.72e-51	219
NM_000546.6	CP034495.1	79.874	318	49	11	2077	2384	64252677	64252365	2.72e-51	219
NM_000546.6	CP034495.1	80.464	302	46	11	2068	2362	65622083	65622378	2.72e-51	219
NM_000546.6	CP034495.1	80.333	300	49	9	2085	2377	73762590	73762886	2.72e-51	219
NM_000546.6	CP034495.1	80.201	298	52	4	2081	2375	12637822	12638115	9.79e-51	217
NM_000546.6	CP034495.1	79.128	321	61	5	2069	2384	36030059	36030378	9.79e-51	217
NM_000546.6	CP034495.1	80.066	301	53	4	2080	2374	40437099	40437398	9.79e-51	217
NM_000546.6	CP034495.1	80.333	300	47	7	2079	2374	55781742	55781451	9.79e-51	217
NM_000546.6	CP034495.1	80.546	293	48	8	2092	2377	56812559	56812849	9.79e-51	217
NM_000546.6	CP034495.1	80.690	290	47	7	2089	2374	80381704	80381420	9.79e-51	217
NM_000546.6	CP034495.1	81.853	259	43	3	2129	2384	1164642	1164385	3.52e-50	215
NM_000546.6	CP034495.1	79.935	309	48	10	2084	2384	2787664	2787966	3.52e-50	215
NM_000546.6	CP034495.1	99.167	120	0	1	701	819	7578290	7578171	3.52e-50	215
NM_000546.6	CP034495.1	80.000	305	50	8	2079	2375	8164545	8164846	3.52e-50	215
NM_000546.6	CP034495.1	81.295	278	41	9	2091	2362	11404433	11404705	3.52e-50	215
NM_000546.6	CP034495.1	80.201	298	50	6	2086	2378	40602981	40602688	3.52e-50	215
NM_000546.6	CP034495.1	79.739	306	54	6	2075	2374	43847204	43846901	3.52e-50	215
NM_000546.6	CP034495.1	79.091	330	55	9	2058	2378	67417652	67417976	3.52e-50	215
NM_000546.6	CP034495.1	80.412	291	49	6	2089	2374	75229243	75228956	3.52e-50	215
NM_000546.6	CP034495.1	80.702	285	48	5	2099	2378	80340201	80340483	3.52e-50	215
NM_000546.6	CP034495.1	81.853	259	43	3	2129	2384	81344911	81344654	3.52e-50	215
NM_000546.6	CP034495.1	79.935	309	48	10	2084	2384	82967933	82968235	3.52e-50	215
NM_000546.6	CP034495.1	99.167	120	0	1	701	819	87758559	87758440	3.52e-50	215
NM_000546.6	CP034495.1	80.000	300	50	8	2090	2384	5253689	5253395	1.27e-49	213
NM_000546.6	CP034495.1	80.702	285	46	8	2094	2374	7659600	7659879	1.27e-49	213
NM_000546.6	CP034495.1	79.487	312	55	6	2076	2382	9278409	9278102	1.27e-49	213
NM_000546.6	CP034495.1	79.743	311	49	12	2072	2375	27721169	27721472	1.27e-49	213
NM_000546.6	CP034495.1	80.205	293	50	5	2088	2374	27816535	27816245	1.27e-49	213
NM_000546.6	CP034495.1	80.405	296	45	11	2087	2375	38044894	38045183	1.27e-49	213
NM_000546.6	CP034495.1	80.537	298	40	11	2085	2374	42526882	42527169	1.27e-49	213
NM_000546.6	CP034495.1	80.405	296	44	9	2076	2362	42598705	42598995	1.27e-49	213
NM_000546.6	CP034495.1	80.323	310	38	17	2081	2375	60722889	60723190	1.27e-49	213
NM_000546.6	CP034495.1	80.000	300	50	8	2090	2384	85433958	85433664	1.27e-49	213
NM_000546.6	CP034495.1	80.702	285	46	8	2094	2374	87839869	87840148	1.27e-49	213
NM_000546.6	CP034495.1	79.012	324	56	10	2064	2378	1336117	1335797	4.56e-49	211
NM_000546.6	CP034495.1	80.069	291	52	5	2089	2375	2068247	2067959	4.56e-49	211
NM_000546.6	CP034495.1	79.612	309	52	9	2085	2389	4888331	4888030	4.56e-49	211
NM_000546.6	CP034495.1	100.000	114	0	0	1	114	7590808	7590695	4.56e-49	211
NM_000546.6	CP034495.1	79.430	316	52	11	2069	2378	43217532	43217840	4.56e-49	211
NM_000546.6	CP034495.1	80.069	291	52	5	2098	2384	46953323	46953035	4.56e-49	211
NM_000546.6	CP034495.1	80.556	288	45	9	2082	2363	56855764	56856046	4.56e-49	211
NM_000546.6	CP034495.1	80.069	291	52	5	2088	2375	64549101	64549388	4.56e-49	211
NM_000546.6	CP034495.1	79.012	324	56	10	2064	2378	81516386	81516066	4.56e-49	211
NM_000546.6	CP034495.1	80.069	291	52	5	2089	2375	82248516	82248228	4.56e-49	211
NM_000546.6	CP034495.1	79.612	309	52	9	2085	2389	85068600	85068299	4.56e-49	211
NM_000546.6	CP034495.1	100.000	114	0	0	1	114	87771077	87770964	4.56e-49	211
NM_000546.6	CP034495.1	79.863	293	54	4	2085	2374	5829996	5829706	1.64e-48	209
NM_000546.6	CP034495.1	80.000	295	49	7	2084	2374	14925678	14925390	1.64e-48	209
NM_000546.6	CP034495.1	79.412	306	56	6	2075	2375	16098817	16098514	1.64e-48	209
NM_000546.6	CP034495.1	80.208	288	50	6	2079	2362	34082611	34082895	1.64e-48	209
NM_000546.6	CP034495.1	80.970	268	47	2	2112	2375	56760729	56760462	1.64e-48	209
NM_000546.6	CP034495.1	78.997	319	57	7	2074	2384	57345973	57345657	1.64e-48	209
NM_000546.6	CP034495.1	80.727	275	48	5	2104	2374	59383259	59382986	1.64e-48	209
NM_000546.6	CP034495.1	79.798	297	52	7	2086	2377	63570759	63571052	1.64e-48	209
NM_000546.6	CP034495.1	80.205	293	47	10	2086	2373	80438825	80438539	1.64e-48	209
NM_000546.6	CP034495.1	79.863	293	54	4	2085	2374	86010265	86009975	1.64e-48	209
NM_000546.6	CP034495.1	79.739	306	47	11	2079	2376	1567032	1566734	5.89e-48	207
NM_000546.6	CP034495.1	99.138	116	0	1	809	924	7577613	7577499	5.89e-48	207
NM_000546.6	CP034495.1	78.683	319	62	5	2075	2387	8414871	8414553	5.89e-48	207
NM_000546.6	CP034495.1	79.365	315	49	10	2076	2378	15520154	15519844	5.89e-48	207
NM_000546.6	CP034495.1	79.180	317	52	9	2073	2386	28675842	28675537	5.89e-48	207
NM_000546.6	CP034495.1	79.299	314	52	11	2072	2378	38203947	38203640	5.89e-48	207
NM_000546.6	CP034495.1	79.100	311	57	6	2072	2375	57964583	57964274	5.89e-48	207
NM_000546.6	CP034495.1	80.069	291	48	8	2079	2362	58397167	58396880	5.89e-48	207
NM_000546.6	CP034495.1	79.739	306	47	11	2079	2376	81747301	81747003	5.89e-48	207
NM_000546.6	CP034495.1	99.138	116	0	1	809	924	87757882	87757768	5.89e-48	207
NM_000546.6	CP034495.1	79.470	302	52	8	2082	2375	1934882	1934583	2.12e-47	206
NM_000546.6	CP034495.1	80.727	275	44	5	2083	2350	6666643	6666915	2.12e-47	206
NM_000546.6	CP034495.1	79.725	291	54	3	2098	2384	20954383	20954672	2.12e-47	206
NM_000546.6	CP034495.1	79.605	304	48	12	2087	2384	46873998	46873703	2.12e-47	206
NM_000546.6	CP034495.1	79.288	309	52	10	2072	2374	49223121	49222819	2.12e-47	206
NM_000546.6	CP034495.1	79.866	298	46	9	2089	2378	79600899	79601190	2.12e-47	206
NM_000546.6	CP034495.1	79.470	302	52	8	2082	2375	82115151	82114852	2.12e-47	206
NM_000546.6	CP034495.1	80.727	275	44	5	2083	2350	86846912	86847184	2.12e-47	206
NM_000546.6	CP034495.1	100.000	110	0	0	1133	1242	7574036	7573927	7.62e-47	204
NM_000546.6	CP034495.1	79.730	296	49	9	2091	2378	13718245	13717953	7.62e-47	204
NM_000546.6	CP034495.1	79.530	298	51	7	2082	2374	14947175	14946883	7.62e-47	204
NM_000546.6	CP034495.1	79.530	298	51	7	2086	2377	32520089	32519796	7.62e-47	204
NM_000546.6	CP034495.1	79.538	303	49	10	2089	2384	37959768	37960064	7.62e-47	204
NM_000546.6	CP034495.1	79.931	289	48	9	2091	2374	57197274	57197557	7.62e-47	204
NM_000546.6	CP034495.1	100.000	110	0	0	1133	1242	87754305	87754196	7.62e-47	204
NM_000546.6	CP034495.1	79.016	305	56	7	2084	2384	7053853	7054153	2.74e-46	202
NM_000546.6	CP034495.1	79.592	294	50	8	2088	2376	18214316	18214604	2.74e-46	202
NM_000546.6	CP034495.1	80.137	292	41	13	2082	2362	18650230	18650515	2.74e-46	202
NM_000546.6	CP034495.1	79.276	304	52	10	2076	2374	29328235	29328532	2.74e-46	202
NM_000546.6	CP034495.1	80.292	274	49	4	2104	2374	37011427	37011156	2.74e-46	202
NM_000546.6	CP034495.1	79.791	287	51	6	2098	2378	41012974	41012689	2.74e-46	202
NM_000546.6	CP034495.1	79.522	293	53	5	2088	2376	43412633	43412922	2.74e-46	202
NM_000546.6	CP034495.1	79.599	299	48	12	2093	2384	58053038	58052746	2.74e-46	202
NM_000546.6	CP034495.1	79.016	305	56	7	2084	2384	87234122	87234422	2.74e-46	202
NM_000546.6	CP034495.1	79.798	297	42	11	2089	2375	9484021	9483733	9.86e-46	200
NM_000546.6	CP034495.1	79.931	289	44	11	2094	2374	16435354	16435072	9.86e-46	200
NM_000546.6	CP034495.1	79.016	305	55	7	2085	2384	19886333	19886033	9.86e-46	200
NM_000546.6	CP034495.1	79.085	306	52	10	2079	2378	28459291	28458992	9.86e-46	200
NM_000546.6	CP034495.1	79.592	294	49	9	2088	2374	34290087	34289798	9.86e-46	200
NM_000546.6	CP034495.1	79.930	284	48	6	2093	2373	35777472	35777195	9.86e-46	200
NM_000546.6	CP034495.1	79.402	301	49	10	2091	2384	35829751	35829457	9.86e-46	200
NM_000546.6	CP034495.1	79.522	293	50	5	2091	2374	42710146	42709855	9.86e-46	200
NM_000546.6	CP034495.1	78.571	322	56	8	2072	2387	47417948	47417634	9.86e-46	200
NM_000546.6	CP034495.1	78.827	307	57	7	2077	2377	74125808	74125504	9.86e-46	200
NM_000546.6	CP034495.1	79.791	287	48	8	2091	2374	75665830	75666109	9.86e-46	200
NM_000546.6	CP034495.1	79.333	300	49	12	2093	2384	5843658	5843364	3.55e-45	198
NM_000546.6	CP034495.1	79.252	294	54	6	2084	2374	48873652	48873363	3.55e-45	198
NM_000546.6	CP034495.1	80.142	282	43	9	2086	2360	62479649	62479374	3.55e-45	198
NM_000546.6	CP034495.1	78.738	301	60	3	2081	2378	72965689	72965988	3.55e-45	198
NM_000546.6	CP034495.1	79.000	300	55	6	2079	2374	76469651	76469356	3.55e-45	198
NM_000546.6	CP034495.1	79.333	300	49	12	2093	2384	86023927	86023633	3.55e-45	198
NM_000546.6	CP034495.1	78.797	316	50	13	2068	2372	1454564	1454873	1.28e-44	196
NM_000546.6	CP034495.1	79.125	297	53	7	2085	2376	3549173	3548881	1.28e-44	196
NM_000546.6	CP034495.1	79.452	292	49	8	2089	2374	12089677	12089963	1.28e-44	196
NM_000546.6	CP034495.1	79.514	288	49	8	2091	2374	14297399	14297680	1.28e-44	196
NM_000546.6	CP034495.1	79.252	294	51	8	2074	2362	19687827	19688115	1.28e-44	196
NM_000546.6	CP034495.1	79.125	297	52	9	2093	2384	26914575	26914284	1.28e-44	196
NM_000546.6	CP034495.1	78.261	322	59	9	2068	2384	29511702	29511387	1.28e-44	196
NM_000546.6	CP034495.1	79.252	294	51	9	2089	2377	37155582	37155870	1.28e-44	196
NM_000546.6	CP034495.1	79.538	303	41	10	2081	2377	42970000	42970287	1.28e-44	196
NM_000546.6	CP034495.1	78.313	332	52	13	2068	2384	46899750	46900076	1.28e-44	196
NM_000546.6	CP034495.1	79.181	293	54	5	2088	2377	47775228	47774940	1.28e-44	196
NM_000546.6	CP034495.1	78.641	309	56	9	2082	2384	59328954	59328650	1.28e-44	196
NM_000546.6	CP034495.1	78.827	307	53	10	2075	2375	61854797	61855097	1.28e-44	196
NM_000546.6	CP034495.1	78.526	312	58	8	2078	2384	65203327	65203634	1.28e-44	196
NM_000546.6	CP034495.1	78.571	308	58	6	2072	2375	80565082	80565385	1.28e-44	196
NM_000546.6	CP034495.1	78.797	316	50	13	2068	2372	81634833	81635142	1.28e-44	196
NM_000546.6	CP034495.1	79.125	297	53	7	2085	2376	83729442	83729150	1.28e-44	196
NM_000546.6	CP034495.1	78.302	318	58	10	2074	2384	3823832	3824145	4.59e-44	195
NM_000546.6	CP034495.1	80.224	268	45	5	2107	2368	4791510	4791245	4.59e-44	195
NM_000546.6	CP034495.1	79.643	280	49	5	2104	2375	9689647	9689368	4.59e-44	195
NM_000546.6	CP034495.1	79.522	293	45	13	2092	2375	12644058	12644344	4.59e-44	195
NM_000546.6	CP034495.1	78.317	309	61	3	2079	2384	18850620	18850315	4.59e-44	195
NM_000546.6	CP034495.1	79.070	301	49	9	2084	2374	30675034	30675330	4.59e-44	195
NM_000546.6	CP034495.1	78.983	295	55	5	2092	2384	31067502	31067791	4.59e-44	195
NM_000546.6	CP034495.1	78.641	309	55	10	2076	2378	41117472	41117169	4.59e-44	195
NM_000546.6	CP034495.1	78.827	307	52	11	2074	2372	49268112	49267811	4.59e-44	195
NM_000546.6	CP034495.1	79.239	289	53	6	2091	2375	62381319	62381604	4.59e-44	195
NM_000546.6	CP034495.1	78.571	308	57	8	2074	2374	67346635	67346940	4.59e-44	195
NM_000546.6	CP034495.1	78.457	311	58	6	2080	2384	71297212	71296905	4.59e-44	195
NM_000546.6	CP034495.1	78.878	303	53	9	2078	2375	71322765	71323061	4.59e-44	195
NM_000546.6	CP034495.1	78.302	318	58	10	2074	2384	84004101	84004414	4.59e-44	195
NM_000546.6	CP034495.1	80.224	268	45	5	2107	2368	84971779	84971514	4.59e-44	195
NM_000546.6	CP034495.1	79.054	296	51	8	2090	2378	17272298	17272007	1.65e-43	193
NM_000546.6	CP034495.1	77.812	329	62	9	2054	2375	29076386	29076710	1.65e-43	193
NM_000546.6	CP034495.1	80.784	255	42	4	2114	2362	29341186	29341439	1.65e-43	193
NM_000546.6	CP034495.1	78.912	294	55	6	2087	2375	35522602	35522893	1.65e-43	193
NM_000546.6	CP034495.1	79.239	289	51	6	2087	2372	39684963	39685245	1.65e-43	193
NM_000546.6	CP034495.1	79.094	287	54	5	2092	2374	41035476	41035760	1.65e-43	193
NM_000546.6	CP034495.1	79.505	283	48	7	2087	2362	58307172	58307451	1.65e-43	193
NM_000546.6	CP034495.1	79.392	296	43	16	2089	2374	75000692	75000979	1.65e-43	193
NM_000546.6	CP034495.1	100.000	103	0	0	114	216	7579941	7579839	5.93e-43	191
NM_000546.6	CP034495.1	78.758	306	50	12	2079	2374	17356346	17356046	5.93e-43	191
NM_000546.6	CP034495.1	79.094	287	53	5	2068	2349	28376538	28376254	5.93e-43	191
NM_000546.6	CP034495.1	79.577	284	45	11	2086	2362	33341985	33342262	5.93e-43	191
NM_000546.6	CP034495.1	79.038	291	51	4	2104	2384	35432928	35433218	5.93e-43	191
NM_000546.6	CP034495.1	78.431	306	57	8	2084	2384	47702991	47702690	5.93e-43	191
NM_000546.6	CP034495.1	78.716	296	55	7	2085	2375	61000383	61000675	5.93e-43	191
NM_000546.6	CP034495.1	78.387	310	56	9	2072	2373	65589496	65589802	5.93e-43	191
NM_000546.6	CP034495.1	79.021	286	54	5	2094	2374	65637119	65636835	5.93e-43	191
NM_000546.6	CP034495.1	78.738	301	52	8	2086	2380	73426285	73425991	5.93e-43	191
NM_000546.6	CP034495.1	78.523	298	58	5	2078	2374	80584435	80584143	5.93e-43	191
NM_000546.6	CP034495.1	100.000	103	0	0	114	216	87760210	87760108	5.93e-43	191
NM_000546.6	CP034495.1	79.021	286	52	6	2096	2375	3067536	3067253	2.13e-42	189
NM_000546.6	CP034495.1	78.618	304	51	10	2079	2375	7190436	7190732	2.13e-42	189
NM_000546.6	CP034495.1	78.947	285	54	5	2093	2377	7693553	7693831	2.13e-42	189
NM_000546.6	CP034495.1	78.618	304	51	12	2087	2383	41310030	41309734	2.13e-42	189
NM_000546.6	CP034495.1	79.636	275	47	6	2109	2377	48181635	48181906	2.13e-42	189
NM_000546.6	CP034495.1	79.021	286	52	6	2096	2375	83247805	83247522	2.13e-42	189
NM_000546.6	CP034495.1	78.618	304	51	10	2079	2375	87370705	87371001	2.13e-42	189
NM_000546.6	CP034495.1	78.947	285	54	5	2093	2377	87873822	87874100	2.13e-42	189
NM_000546.6	CP034495.1	78.425	292	59	2	2097	2385	3624232	3624522	7.68e-42	187
NM_000546.6	CP034495.1	78.176	307	57	9	2074	2375	8196857	8197158	7.68e-42	187
NM_000546.6	CP034495.1	78.571	294	56	6	2088	2378	10052243	10051954	7.68e-42	187
NM_000546.6	CP034495.1	77.707	314	64	5	2072	2381	29031252	29030941	7.68e-42	187
NM_000546.6	CP034495.1	79.636	275	44	9	2092	2360	31109965	31109697	7.68e-42	187
NM_000546.6	CP034495.1	79.078	282	52	5	2093	2369	35144055	35143776	7.68e-42	187
NM_000546.6	CP034495.1	77.882	321	57	12	2072	2384	42734905	42735219	7.68e-42	187
NM_000546.6	CP034495.1	78.477	302	53	8	2086	2382	55913314	55913608	7.68e-42	187
NM_000546.6	CP034495.1	79.167	288	46	8	2087	2362	60644615	60644330	7.68e-42	187
NM_000546.6	CP034495.1	78.498	293	58	3	2086	2374	62383828	62383537	7.68e-42	187
NM_000546.6	CP034495.1	79.152	283	50	8	2087	2362	72233035	72233315	7.68e-42	187
NM_000546.6	CP034495.1	78.425	292	59	2	2097	2385	83804501	83804791	7.68e-42	187
NM_000546.6	CP034495.1	78.289	304	55	9	2080	2377	127770	127472	2.76e-41	185
NM_000546.6	CP034495.1	78.571	294	54	7	2091	2379	180680	180391	2.76e-41	185
NM_000546.6	CP034495.1	78.218	303	56	7	2084	2378	4667001	4667301	2.76e-41	185
NM_000546.6	CP034495.1	79.211	279	49	7	2107	2378	10534168	10533892	2.76e-41	185
NM_000546.6	CP034495.1	78.289	304	55	5	2089	2384	10633951	10633651	2.76e-41	185
NM_000546.6	CP034495.1	78.767	292	50	11	2078	2362	17533451	17533737	2.76e-41	185
NM_000546.6	CP034495.1	79.038	291	45	12	2077	2362	18629323	18629044	2.76e-41	185
NM_000546.6	CP034495.1	78.547	289	57	3	2079	2362	27221919	27222207	2.76e-41	185
NM_000546.6	CP034495.1	77.955	313	58	9	2068	2374	42348865	42349172	2.76e-41	185
NM_000546.6	CP034495.1	78.523	298	53	8	2083	2374	65575119	65574827	2.76e-41	185
NM_000546.6	CP034495.1	78.451	297	54	6	2087	2375	78050395	78050101	2.76e-41	185
NM_000546.6	CP034495.1	78.218	303	56	7	2084	2378	84847270	84847570	2.76e-41	185
NM_000546.6	CP034495.1	78.000	300	60	5	2088	2383	4625611	4625908	9.93e-41	183
NM_000546.6	CP034495.1	78.305	295	56	4	2084	2375	4990373	4990662	9.93e-41	183
NM_000546.6	CP034495.1	78.966	290	46	11	2077	2362	15542358	15542636	9.93e-41	183
NM_000546.6	CP034495.1	77.673	318	59	8	2075	2384	16280017	16279704	9.93e-41	183
NM_000546.6	CP034495.1	79.630	270	44	6	2100	2362	20671476	20671741	9.93e-41	183
NM_000546.6	CP034495.1	78.799	283	52	7	2098	2374	38129234	38129514	9.93e-41	183
NM_000546.6	CP034495.1	78.305	295	56	6	2086	2376	38553538	38553828	9.93e-41	183
NM_000546.6	CP034495.1	79.211	279	47	9	2088	2360	55122347	55122074	9.93e-41	183
NM_000546.6	CP034495.1	78.135	311	52	12	2073	2375	55124343	55124645	9.93e-41	183
NM_000546.6	CP034495.1	78.135	311	52	13	2065	2362	63075462	63075155	9.93e-41	183
NM_000546.6	CP034495.1	78.738	301	44	13	2078	2362	64441912	64442208	9.93e-41	183
NM_000546.6	CP034495.1	78.289	304	53	10	2077	2375	67559917	67560212	9.93e-41	183
NM_000546.6	CP034495.1	78.000	300	60	5	2088	2383	84805880	84806177	9.93e-41	183
NM_000546.6	CP034495.1	78.305	295	56	4	2084	2375	85170642	85170931	9.93e-41	183
NM_000546.6	CP034495.1	78.000	300	59	6	2090	2384	8144623	8144326	3.57e-40	182
NM_000546.6	CP034495.1	80.579	242	42	3	2123	2362	15274203	15274441	3.57e-40	182
NM_000546.6	CP034495.1	78.716	296	46	15	2092	2376	16779901	16779612	3.57e-40	182
NM_000546.6	CP034495.1	77.399	323	62	10	2068	2384	20612248	20611931	3.57e-40	182
NM_000546.6	CP034495.1	79.767	257	47	5	2123	2375	26241068	26241323	3.57e-40	182
NM_000546.6	CP034495.1	78.498	293	51	11	2086	2374	26862781	26862497	3.57e-40	182
NM_000546.6	CP034495.1	78.547	289	53	7	2093	2375	40089917	40089632	3.57e-40	182
NM_000546.6	CP034495.1	77.707	314	58	9	2077	2383	49429971	49429663	3.57e-40	182
NM_000546.6	CP034495.1	79.259	270	49	5	2098	2362	56827108	56827375	3.57e-40	182
NM_000546.6	CP034495.1	79.004	281	47	9	2087	2360	58394893	58394618	3.57e-40	182
NM_000546.6	CP034495.1	77.778	306	61	5	2084	2384	58617521	58617218	3.57e-40	182
NM_000546.6	CP034495.1	78.176	307	52	10	2072	2374	73198414	73198709	3.57e-40	182
NM_000546.6	CP034495.1	78.671	286	51	7	2082	2360	77870231	77870513	3.57e-40	182
NM_000546.6	CP034495.1	78.261	299	53	9	2083	2373	78479852	78479558	3.57e-40	182
NM_000546.6	CP034495.1	78.671	286	50	6	2106	2382	2196781	2197064	1.28e-39	180
NM_000546.6	CP034495.1	77.926	299	59	5	2081	2375	3529370	3529075	1.28e-39	180
NM_000546.6	CP034495.1	80.894	246	31	10	2093	2327	7709185	7708945	1.28e-39	180
NM_000546.6	CP034495.1	77.885	312	54	10	2075	2375	9594417	9594724	1.28e-39	180
NM_000546.6	CP034495.1	78.595	299	45	14	2086	2374	11791299	11791588	1.28e-39	180
NM_000546.6	CP034495.1	79.182	269	48	3	2099	2362	40589215	40588950	1.28e-39	180
NM_000546.6	CP034495.1	80.672	238	41	5	2129	2362	40726812	40727048	1.28e-39	180
NM_000546.6	CP034495.1	78.596	285	52	8	2094	2373	41854348	41854628	1.28e-39	180
NM_000546.6	CP034495.1	78.723	282	51	5	2087	2361	42145585	42145864	1.28e-39	180
NM_000546.6	CP034495.1	77.922	308	55	11	2077	2375	48398229	48398532	1.28e-39	180
NM_000546.6	CP034495.1	77.460	315	62	3	2081	2386	55062491	55062177	1.28e-39	180
NM_000546.6	CP034495.1	79.167	264	51	3	2100	2360	61004144	61004406	1.28e-39	180
NM_000546.6	CP034495.1	78.276	290	55	6	2093	2377	62523091	62522805	1.28e-39	180
NM_000546.6	CP034495.1	78.596	285	52	6	2094	2371	66056257	66056539	1.28e-39	180
NM_000546.6	CP034495.1	77.524	307	63	4	2072	2374	71131880	71131576	1.28e-39	180
NM_000546.6	CP034495.1	81.223	229	38	3	2115	2339	71214102	71213875	1.28e-39	180
NM_000546.6	CP034495.1	77.524	307	63	5	2082	2384	73457175	73457479	1.28e-39	180
NM_000546.6	CP034495.1	77.741	301	61	6	2090	2387	74062545	74062248	1.28e-39	180
NM_000546.6	CP034495.1	78.405	301	48	10	2079	2374	78224957	78224669	1.28e-39	180
NM_000546.6	CP034495.1	78.671	286	50	6	2106	2382	82377050	82377333	1.28e-39	180
NM_000546.6	CP034495.1	77.926	299	59	5	2081	2375	83709639	83709344	1.28e-39	180
NM_000546.6	CP034495.1	80.894	246	31	10	2093	2327	87889454	87889214	1.28e-39	180
NM_000546.6	CP034495.1	79.310	261	48	4	2092	2348	2375421	2375163	4.62e-39	178
NM_000546.6	CP034495.1	78.114	297	54	8	2085	2374	4733377	4733669	4.62e-39	178
NM_000546.6	CP034495.1	78.571	294	46	15	2091	2374	17820487	17820201	4.62e-39	178
NM_000546.6	CP034495.1	78.723	282	48	10	2089	2362	21067344	21067621	4.62e-39	178
NM_000546.6	CP034495.1	77.814	311	53	12	2082	2384	25612445	25612747	4.62e-39	178
NM_000546.6	CP034495.1	79.762	252	45	4	2116	2362	26720559	26720309	4.62e-39	178
NM_000546.6	CP034495.1	77.670	309	58	9	2081	2384	27415068	27415370	4.62e-39	178
NM_000546.6	CP034495.1	78.095	315	46	13	2088	2384	30174134	30174443	4.62e-39	178
NM_000546.6	CP034495.1	78.082	292	57	5	2077	2362	30512727	30513017	4.62e-39	178
NM_000546.6	CP034495.1	77.926	299	56	8	2085	2377	35398800	35399094	4.62e-39	178
NM_000546.6	CP034495.1	77.926	299	56	8	2082	2375	37385028	37385321	4.62e-39	178
NM_000546.6	CP034495.1	79.433	282	34	13	2090	2362	38542803	38543069	4.62e-39	178
NM_000546.6	CP034495.1	78.351	291	51	9	2091	2375	42948712	42948996	4.62e-39	178
NM_000546.6	CP034495.1	77.316	313	64	6	2072	2378	58633072	58633383	4.62e-39	178
NM_000546.6	CP034495.1	77.215	316	64	8	2067	2375	62662090	62662404	4.62e-39	178
NM_000546.6	CP034495.1	79.842	253	43	7	2129	2374	63441268	63441017	4.62e-39	178
NM_000546.6	CP034495.1	78.322	286	55	4	2093	2373	66422680	66422963	4.62e-39	178
NM_000546.6	CP034495.1	79.245	265	48	5	2115	2376	68062268	68062528	4.62e-39	178
NM_000546.6	CP034495.1	79.310	261	48	4	2092	2348	82555690	82555432	4.62e-39	178
NM_000546.6	CP034495.1	78.114	297	54	8	2085	2374	84913646	84913938	4.62e-39	178
NM_000546.6	CP034495.1	78.169	284	56	5	2105	2384	2629924	2630205	1.66e-38	176
NM_000546.6	CP034495.1	78.082	292	54	9	2089	2375	18911815	18912101	1.66e-38	176
NM_000546.6	CP034495.1	77.850	307	52	11	2086	2381	27463269	27462968	1.66e-38	176
NM_000546.6	CP034495.1	77.815	302	55	9	2081	2376	28462483	28462778	1.66e-38	176
NM_000546.6	CP034495.1	79.310	261	47	5	2105	2360	32497914	32497656	1.66e-38	176
NM_000546.6	CP034495.1	79.600	250	48	1	2116	2362	40929227	40928978	1.66e-38	176
NM_000546.6	CP034495.1	77.287	317	60	11	2068	2375	41388539	41388852	1.66e-38	176
NM_000546.6	CP034495.1	79.167	264	48	6	2105	2362	57667845	57668107	1.66e-38	176
NM_000546.6	CP034495.1	79.044	272	46	6	2100	2362	63060993	63061262	1.66e-38	176
NM_000546.6	CP034495.1	78.276	290	52	11	2094	2374	63446799	63447086	1.66e-38	176
NM_000546.6	CP034495.1	77.483	302	62	5	2078	2374	70898440	70898140	1.66e-38	176
NM_000546.6	CP034495.1	78.231	294	51	10	2077	2362	75024823	75025111	1.66e-38	176
NM_000546.6	CP034495.1	77.888	303	54	10	2081	2375	76378718	76379015	1.66e-38	176
NM_000546.6	CP034495.1	77.287	317	60	9	2079	2390	80742022	80741713	1.66e-38	176
NM_000546.6	CP034495.1	78.169	284	56	5	2105	2384	82810193	82810474	1.66e-38	176
NM_000546.6	CP034495.1	78.146	302	46	10	2087	2375	5399689	5399395	5.98e-38	174
NM_000546.6	CP034495.1	77.888	303	51	9	2086	2374	9446610	9446910	5.98e-38	174
NM_000546.6	CP034495.1	78.369	282	52	6	2100	2374	18385470	18385749	5.98e-38	174
NM_000546.6	CP034495.1	83.696	184	30	0	2194	2377	19487881	19488064	5.98e-38	174
NM_000546.6	CP034495.1	78.369	282	52	6	2100	2374	20365477	20365198	5.98e-38	174
NM_000546.6	CP034495.1	77.469	324	52	12	2068	2384	32835001	32834692	5.98e-38	174
NM_000546.6	CP034495.1	78.218	303	44	13	2085	2369	37711166	37710868	5.98e-38	174
NM_000546.6	CP034495.1	77.316	313	60	10	2078	2385	38621846	38622152	5.98e-38	174
NM_000546.6	CP034495.1	77.778	297	56	8	2084	2375	41039814	41040105	5.98e-38	174
NM_000546.6	CP034495.1	78.445	283	50	6	2098	2374	64572240	64571963	5.98e-38	174
NM_000546.6	CP034495.1	78.276	290	49	11	2094	2374	67240052	67239768	5.98e-38	174
NM_000546.6	CP034495.1	77.926	299	53	10	2075	2362	67565563	67565859	5.98e-38	174
NM_000546.6	CP034495.1	77.143	315	62	7	2067	2377	68312130	68312438	5.98e-38	174
NM_000546.6	CP034495.1	77.632	304	57	8	2089	2385	73195240	73195539	5.98e-38	174
NM_000546.6	CP034495.1	77.966	295	54	10	2091	2377	73677131	73676840	5.98e-38	174
NM_000546.6	CP034495.1	77.926	299	53	11	2083	2375	80510810	80511101	5.98e-38	174
NM_000546.6	CP034495.1	78.146	302	46	10	2087	2375	85579958	85579664	5.98e-38	174
NM_000546.6	CP034495.1	78.339	277	53	4	2104	2375	5176176	5176450	2.15e-37	172
NM_000546.6	CP034495.1	78.351	291	45	12	2074	2363	19653829	19654102	2.15e-37	172
NM_000546.6	CP034495.1	78.545	275	49	8	2118	2384	27354024	27353752	2.15e-37	172
NM_000546.6	CP034495.1	77.703	296	56	7	2087	2376	27884976	27885267	2.15e-37	172
NM_000546.6	CP034495.1	78.417	278	50	9	2090	2362	31286796	31287068	2.15e-37	172
NM_000546.6	CP034495.1	77.377	305	59	7	2079	2375	36579607	36579909	2.15e-37	172
NM_000546.6	CP034495.1	78.214	280	53	7	2098	2373	46968662	46968387	2.15e-37	172
NM_000546.6	CP034495.1	77.597	308	54	11	2088	2386	49668987	49668686	2.15e-37	172
NM_000546.6	CP034495.1	77.972	286	56	6	2094	2374	71324356	71324073	2.15e-37	172
NM_000546.6	CP034495.1	80.786	229	37	6	2109	2332	72417014	72417240	2.15e-37	172
NM_000546.6	CP034495.1	82.902	193	32	1	2194	2385	75053048	75052856	2.15e-37	172
NM_000546.6	CP034495.1	78.339	277	53	4	2104	2375	85356445	85356719	2.15e-37	172
NM_000546.6	CP034495.1	77.441	297	59	7	2071	2362	2747297	2747590	7.73e-37	171
NM_000546.6	CP034495.1	78.788	264	49	4	2115	2373	14914558	14914297	7.73e-37	171
NM_000546.6	CP034495.1	82.723	191	33	0	2194	2384	17125560	17125370	7.73e-37	171
NM_000546.6	CP034495.1	77.419	310	55	11	2073	2378	20010493	20010195	7.73e-37	171
NM_000546.6	CP034495.1	79.008	262	46	6	2090	2344	25668640	25668899	7.73e-37	171
NM_000546.6	CP034495.1	77.852	298	51	10	2087	2381	34843955	34843670	7.73e-37	171
NM_000546.6	CP034495.1	78.007	291	50	10	2097	2378	36598211	36598496	7.73e-37	171
NM_000546.6	CP034495.1	77.228	303	62	6	2076	2375	36849153	36849451	7.73e-37	171
NM_000546.6	CP034495.1	77.259	321	54	12	2078	2384	41304906	41304591	7.73e-37	171
NM_000546.6	CP034495.1	78.182	275	55	4	2115	2384	41359075	41358801	7.73e-37	171
NM_000546.6	CP034495.1	79.675	246	43	5	2088	2327	43272492	43272248	7.73e-37	171
NM_000546.6	CP034495.1	77.377	305	57	7	2080	2374	43418345	43418647	7.73e-37	171
NM_000546.6	CP034495.1	77.303	304	59	5	2089	2385	62285986	62286286	7.73e-37	171
NM_000546.6	CP034495.1	78.417	278	49	7	2093	2360	75400328	75400604	7.73e-37	171
NM_000546.6	CP034495.1	77.857	280	59	2	2098	2374	75634857	75634578	7.73e-37	171
NM_000546.6	CP034495.1	77.441	297	59	7	2071	2362	82927566	82927859	7.73e-37	171
NM_000546.6	CP034495.1	77.199	307	58	12	2079	2377	2252047	2252349	2.78e-36	169
NM_000546.6	CP034495.1	77.966	295	48	12	2088	2374	10940465	10940180	2.78e-36	169
NM_000546.6	CP034495.1	77.451	306	53	13	2079	2375	15115321	15115619	2.78e-36	169
NM_000546.6	CP034495.1	77.551	294	57	7	2088	2376	21542883	21543172	2.78e-36	169
NM_000546.6	CP034495.1	77.377	305	55	12	2075	2371	39962503	39962205	2.78e-36	169
NM_000546.6	CP034495.1	77.551	294	56	7	2087	2374	45175064	45175353	2.78e-36	169
NM_000546.6	CP034495.1	77.460	315	49	7	2067	2362	49953508	49953819	2.78e-36	169
NM_000546.6	CP034495.1	77.778	288	55	9	2081	2362	54505816	54506100	2.78e-36	169
NM_000546.6	CP034495.1	77.143	315	57	10	2082	2384	59292076	59291765	2.78e-36	169
NM_000546.6	CP034495.1	78.214	280	50	7	2104	2376	59692026	59692301	2.78e-36	169
NM_000546.6	CP034495.1	77.551	294	57	8	2089	2377	60178224	60178513	2.78e-36	169
NM_000546.6	CP034495.1	78.358	268	52	5	2096	2359	65286148	65286413	2.78e-36	169
NM_000546.6	CP034495.1	76.947	321	59	11	2073	2384	74370825	74371139	2.78e-36	169
NM_000546.6	CP034495.1	77.199	307	58	12	2079	2377	82432316	82432618	2.78e-36	169
NM_000546.6	CP034495.1	77.474	293	56	8	2089	2375	29160701	29160989	1.00e-35	167
NM_000546.6	CP034495.1	77.632	304	48	13	2085	2375	42142827	42142531	1.00e-35	167
NM_000546.6	CP034495.1	77.815	302	45	12	2078	2377	54996709	54996990	1.00e-35	167
NM_000546.6	CP034495.1	77.592	299	52	12	2085	2375	58471043	58471334	1.00e-35	167
NM_000546.6	CP034495.1	77.586	290	55	5	2098	2378	62670426	62670138	1.00e-35	167
NM_000546.6	CP034495.1	78.182	275	50	8	2094	2362	66128616	66128886	1.00e-35	167
NM_000546.6	CP034495.1	78.369	282	43	11	2092	2360	71310002	71310278	1.00e-35	167
NM_000546.6	CP034495.1	80.085	236	36	8	2083	2312	2743088	2743318	3.60e-35	165
NM_000546.6	CP034495.1	76.898	303	63	5	2087	2384	2816491	2816191	3.60e-35	165
NM_000546.6	CP034495.1	77.288	295	57	8	2086	2375	6292591	6292880	3.60e-35	165
NM_000546.6	CP034495.1	79.668	241	40	8	2084	2319	6868285	6868049	3.60e-35	165
NM_000546.6	CP034495.1	77.551	294	53	11	2076	2362	14281467	14281754	3.60e-35	165
NM_000546.6	CP034495.1	77.409	301	52	15	2072	2362	15839616	15839910	3.60e-35	165
NM_000546.6	CP034495.1	77.474	293	55	8	2088	2374	28344211	28343924	3.60e-35	165
NM_000546.6	CP034495.1	77.936	281	50	8	2091	2362	31275110	31275387	3.60e-35	165
NM_000546.6	CP034495.1	77.076	301	59	8	2086	2376	46079375	46079075	3.60e-35	165
NM_000546.6	CP034495.1	77.409	301	53	10	2084	2375	50861301	50861595	3.60e-35	165
NM_000546.6	CP034495.1	78.707	263	44	9	2123	2378	52557321	52557064	3.60e-35	165
NM_000546.6	CP034495.1	77.509	289	55	10	2091	2374	55267143	55267426	3.60e-35	165
NM_000546.6	CP034495.1	77.551	294	53	8	2090	2375	57123902	57124190	3.60e-35	165
NM_000546.6	CP034495.1	77.377	305	52	12	2099	2389	57462945	57462644	3.60e-35	165
NM_000546.6	CP034495.1	77.397	292	56	7	2075	2360	58860553	58860840	3.60e-35	165
NM_000546.6	CP034495.1	77.431	288	57	6	2091	2374	63039410	63039693	3.60e-35	165
NM_000546.6	CP034495.1	78.947	247	48	3	2083	2325	65977298	65977052	3.60e-35	165
NM_000546.6	CP034495.1	77.365	296	55	9	2097	2384	66020820	66021111	3.60e-35	165
NM_000546.6	CP034495.1	76.899	316	58	6	2076	2376	74997839	74997524	3.60e-35	165
NM_000546.6	CP034495.1	80.085	236	36	8	2083	2312	82923357	82923587	3.60e-35	165
NM_000546.6	CP034495.1	76.898	303	63	5	2087	2384	82996760	82996460	3.60e-35	165
NM_000546.6	CP034495.1	77.288	295	57	8	2086	2375	86472860	86473149	3.60e-35	165
NM_000546.6	CP034495.1	79.668	241	40	8	2084	2319	87048554	87048318	3.60e-35	165
NM_000546.6	CP034495.1	78.740	254	46	5	2131	2378	28215231	28214980	1.29e-34	163
NM_000546.6	CP034495.1	77.076	301	57	10	2090	2384	38356753	38356459	1.29e-34	163
NM_000546.6	CP034495.1	77.509	289	54	7	2093	2374	40790381	40790665	1.29e-34	163
NM_000546.6	CP034495.1	77.288	295	55	9	2100	2386	44542299	44542589	1.29e-34	163
NM_000546.6	CP034495.1	77.288	295	55	9	2100	2386	44759991	44760281	1.29e-34	163
NM_000546.6	CP034495.1	77.365	296	54	9	2072	2359	56767510	56767800	1.29e-34	163
NM_000546.6	CP034495.1	77.027	296	61	6	2094	2384	57787571	57787278	1.29e-34	163
NM_000546.6	CP034495.1	77.817	284	50	9	2084	2362	63961637	63961912	1.29e-34	163
NM_000546.6	CP034495.1	79.661	236	40	5	2089	2320	72825266	72825497	1.29e-34	163
NM_000546.6	CP034495.1	76.543	324	58	14	2067	2374	1310138	1309817	4.65e-34	161
NM_000546.6	CP034495.1	76.667	300	64	5	2089	2384	4583574	4583871	4.65e-34	161
NM_000546.6	CP034495.1	77.397	292	52	9	2086	2374	9229447	9229727	4.65e-34	161
NM_000546.6	CP034495.1	76.923	312	54	12	2079	2386	30541916	30542213	4.65e-34	161
NM_000546.6	CP034495.1	79.116	249	40	8	2134	2374	31222029	31222273	4.65e-34	161
NM_000546.6	CP034495.1	77.352	287	56	5	2093	2376	36836074	36835794	4.65e-34	161
NM_000546.6	CP034495.1	77.431	288	54	8	2098	2377	37142452	37142168	4.65e-34	161
NM_000546.6	CP034495.1	77.778	279	51	8	2090	2362	62699808	62700081	4.65e-34	161
NM_000546.6	CP034495.1	77.431	288	54	10	2082	2362	73711420	73711703	4.65e-34	161
NM_000546.6	CP034495.1	77.076	301	55	8	2088	2384	74461427	74461717	4.65e-34	161
NM_000546.6	CP034495.1	77.211	294	55	8	2089	2376	80685989	80686276	4.65e-34	161
NM_000546.6	CP034495.1	76.543	324	58	14	2067	2374	81490407	81490086	4.65e-34	161
NM_000546.6	CP034495.1	76.667	300	64	5	2089	2384	84763843	84764140	4.65e-34	161
NM_000546.6	CP034495.1	77.632	304	40	18	2082	2375	30724637	30724352	1.67e-33	159
NM_000546.6	CP034495.1	77.465	284	52	9	2104	2384	31269063	31268789	1.67e-33	159
NM_000546.6	CP034495.1	77.113	284	59	4	2080	2359	40561111	40561392	1.67e-33	159
NM_000546.6	CP034495.1	78.030	264	51	5	2104	2362	44829837	44830098	1.67e-33	159
NM_000546.6	CP034495.1	78.571	252	46	6	2129	2375	47760633	47760881	1.67e-33	159
NM_000546.6	CP034495.1	77.320	291	52	10	2090	2372	56126847	56126563	1.67e-33	159
NM_000546.6	CP034495.1	77.544	285	51	8	2085	2362	62537362	62537640	1.67e-33	159
NM_000546.6	CP034495.1	77.580	281	51	9	2082	2357	71200694	71200967	1.67e-33	159
NM_000546.6	CP034495.1	78.400	250	50	2	2083	2328	76439625	76439874	1.67e-33	159
NM_000546.6	CP034495.1	76.846	298	57	10	2083	2373	2857163	2856871	6.02e-33	158
NM_000546.6	CP034495.1	77.305	282	54	5	2104	2375	3765939	3766220	6.02e-33	158
NM_000546.6	CP034495.1	78.947	247	41	7	2081	2320	4470801	4471043	6.02e-33	158
NM_000546.6	CP034495.1	76.547	307	61	8	2075	2376	4874974	4875274	6.02e-33	158
NM_000546.6	CP034495.1	79.325	237	40	6	2085	2314	7376430	7376664	6.02e-33	158
NM_000546.6	CP034495.1	76.636	321	54	14	2073	2385	7638749	7639056	6.02e-33	158
NM_000546.6	CP034495.1	77.612	268	54	3	2113	2374	19498622	19498889	6.02e-33	158
NM_000546.6	CP034495.1	77.152	302	50	15	2068	2362	33590872	33590583	6.02e-33	158
NM_000546.6	CP034495.1	77.698	278	48	7	2089	2361	36527163	36527431	6.02e-33	158
NM_000546.6	CP034495.1	77.656	273	52	5	2093	2360	37811443	37811711	6.02e-33	158
NM_000546.6	CP034495.1	77.333	300	47	15	2086	2375	40895190	40895478	6.02e-33	158
NM_000546.6	CP034495.1	77.419	279	53	4	2104	2376	42011951	42012225	6.02e-33	158
NM_000546.6	CP034495.1	77.163	289	55	9	2079	2362	58630779	58631061	6.02e-33	158
NM_000546.6	CP034495.1	76.568	303	61	7	2079	2374	62012503	62012802	6.02e-33	158
NM_000546.6	CP034495.1	77.320	291	51	8	2085	2362	72168340	72168052	6.02e-33	158
NM_000546.6	CP034495.1	76.846	298	57	10	2083	2373	83037432	83037140	6.02e-33	158
NM_000546.6	CP034495.1	77.305	282	54	5	2104	2375	83946208	83946489	6.02e-33	158
NM_000546.6	CP034495.1	78.947	247	41	7	2081	2320	84651070	84651312	6.02e-33	158
NM_000546.6	CP034495.1	76.547	307	61	8	2075	2376	85055243	85055543	6.02e-33	158
NM_000546.6	CP034495.1	79.325	237	40	6	2085	2314	87556699	87556933	6.02e-33	158
NM_000546.6	CP034495.1	76.636	321	54	14	2073	2385	87819018	87819325	6.02e-33	158
NM_000546.6	CP034495.1	77.580	281	48	12	2088	2360	2471727	2472000	2.16e-32	156
NM_000546.6	CP034495.1	76.582	316	54	17	2072	2374	6186743	6186435	2.16e-32	156
NM_000546.6	CP034495.1	77.617	277	49	11	2092	2362	10681044	10681313	2.16e-32	156
NM_000546.6	CP034495.1	77.083	288	55	8	2093	2375	13262739	13262458	2.16e-32	156
NM_000546.6	CP034495.1	77.083	288	55	10	2093	2375	21702668	21702949	2.16e-32	156
NM_000546.6	CP034495.1	76.531	294	63	6	2085	2375	22139608	22139898	2.16e-32	156
NM_000546.6	CP034495.1	76.897	290	58	5	2091	2374	28016189	28015903	2.16e-32	156
NM_000546.6	CP034495.1	77.143	280	56	7	2099	2374	29045449	29045724	2.16e-32	156
NM_000546.6	CP034495.1	76.531	294	63	5	2086	2375	30132300	30132591	2.16e-32	156
NM_000546.6	CP034495.1	77.444	266	57	3	2115	2377	36398638	36398373	2.16e-32	156
NM_000546.6	CP034495.1	77.305	282	53	8	2082	2358	38489887	38490162	2.16e-32	156
NM_000546.6	CP034495.1	76.774	310	53	5	2094	2384	48792161	48791852	2.16e-32	156
NM_000546.6	CP034495.1	77.820	266	49	8	2104	2361	55602661	55602924	2.16e-32	156
NM_000546.6	CP034495.1	77.256	277	56	7	2104	2374	75339059	75338784	2.16e-32	156
NM_000546.6	CP034495.1	77.580	281	48	12	2088	2360	82651996	82652269	2.16e-32	156
NM_000546.6	CP034495.1	76.582	316	54	17	2072	2374	86367012	86366704	2.16e-32	156
NM_000546.6	CP034495.1	76.768	297	56	11	2094	2381	3707855	3707563	7.79e-32	154
NM_000546.6	CP034495.1	77.193	285	51	11	2086	2362	15941750	15942028	7.79e-32	154
NM_000546.6	CP034495.1	76.547	307	57	11	2079	2374	30247586	30247284	7.79e-32	154
NM_000546.6	CP034495.1	77.895	285	38	7	2093	2374	30952575	30952837	7.79e-32	154
NM_000546.6	CP034495.1	76.623	308	54	12	2076	2376	36056474	36056178	7.79e-32	154
NM_000546.6	CP034495.1	76.190	315	62	11	2082	2388	41921140	41921449	7.79e-32	154
NM_000546.6	CP034495.1	77.091	275	57	4	2116	2384	56939280	56939006	7.79e-32	154
NM_000546.6	CP034495.1	80.488	205	36	3	2084	2284	58412075	58411871	7.79e-32	154
NM_000546.6	CP034495.1	77.133	293	50	10	2088	2374	59442087	59441806	7.79e-32	154
NM_000546.6	CP034495.1	77.305	282	51	12	2088	2361	61050392	61050668	7.79e-32	154
NM_000546.6	CP034495.1	77.385	283	48	10	2090	2362	63612374	63612650	7.79e-32	154
NM_000546.6	CP034495.1	76.712	292	58	7	2088	2374	66279677	66279391	7.79e-32	154
NM_000546.6	CP034495.1	76.161	323	59	10	2074	2384	67901225	67900909	7.79e-32	154
NM_000546.6	CP034495.1	75.949	316	66	9	2067	2374	71077126	71076813	7.79e-32	154
NM_000546.6	CP034495.1	77.985	268	44	13	2104	2362	73556582	73556843	7.79e-32	154
NM_000546.6	CP034495.1	77.536	276	49	10	2115	2381	79188920	79189191	7.79e-32	154
NM_000546.6	CP034495.1	76.768	297	56	11	2094	2381	83888124	83887832	7.79e-32	154
NM_000546.6	CP034495.1	76.316	304	61	7	2081	2376	2538650	2538950	2.80e-31	152
NM_000546.6	CP034495.1	77.174	276	53	5	2104	2374	3723262	3723532	2.80e-31	152
NM_000546.6	CP034495.1	76.489	319	51	16	2074	2375	21090978	21090667	2.80e-31	152
NM_000546.6	CP034495.1	76.025	317	62	9	2068	2374	25730003	25730315	2.80e-31	152
NM_000546.6	CP034495.1	76.101	318	60	13	2068	2374	29138514	29138202	2.80e-31	152
NM_000546.6	CP034495.1	76.254	299	63	6	2096	2389	29331329	29331034	2.80e-31	152
NM_000546.6	CP034495.1	81.383	188	33	2	2199	2385	37903778	37903592	2.80e-31	152
NM_000546.6	CP034495.1	76.159	302	65	6	2079	2374	38093718	38093418	2.80e-31	152
NM_000546.6	CP034495.1	76.712	292	56	10	2079	2362	43156020	43156307	2.80e-31	152
NM_000546.6	CP034495.1	76.254	299	63	6	2080	2373	44815292	44815587	2.80e-31	152
NM_000546.6	CP034495.1	77.323	269	53	7	2116	2378	45251450	45251184	2.80e-31	152
NM_000546.6	CP034495.1	83.537	164	26	1	2198	2360	46846015	46846178	2.80e-31	152
NM_000546.6	CP034495.1	77.580	281	44	9	2089	2362	47696895	47697163	2.80e-31	152
NM_000546.6	CP034495.1	76.547	307	55	12	2083	2374	48348699	48349003	2.80e-31	152
NM_000546.6	CP034495.1	76.610	295	58	10	2088	2376	54492397	54492108	2.80e-31	152
NM_000546.6	CP034495.1	83.234	167	26	2	2212	2377	58489756	58489591	2.80e-31	152
NM_000546.6	CP034495.1	76.897	290	54	8	2082	2362	58516502	58516787	2.80e-31	152
NM_000546.6	CP034495.1	76.451	293	61	5	2097	2384	66006893	66006604	2.80e-31	152
NM_000546.6	CP034495.1	76.923	299	49	11	2089	2376	66081340	66081629	2.80e-31	152
NM_000546.6	CP034495.1	77.061	279	54	9	2088	2362	73456597	73456869	2.80e-31	152
NM_000546.6	CP034495.1	76.316	304	61	7	2081	2376	82718919	82719219	2.80e-31	152
NM_000546.6	CP034495.1	77.174	276	53	5	2104	2374	83903531	83903801	2.80e-31	152
NM_000546.6	CP034495.1	77.113	284	49	11	2104	2376	16279492	16279214	1.01e-30	150
NM_000546.6	CP034495.1	77.061	279	53	6	2104	2378	16532897	16533168	1.01e-30	150
NM_000546.6	CP034495.1	76.623	308	50	15	2072	2362	18271919	18272221	1.01e-30	150
NM_000546.6	CP034495.1	77.037	270	57	3	2092	2357	25857485	25857217	1.01e-30	150
NM_000546.6	CP034495.1	76.471	306	54	11	2085	2383	40791532	40791238	1.01e-30	150
NM_000546.6	CP034495.1	79.111	225	42	4	2074	2293	43511526	43511302	1.01e-30	150
NM_000546.6	CP034495.1	76.351	296	61	7	2083	2374	43683755	43683465	1.01e-30	150
NM_000546.6	CP034495.1	76.871	294	51	10	2094	2374	44092259	44091970	1.01e-30	150
NM_000546.6	CP034495.1	76.817	289	54	6	2080	2362	46847870	46848151	1.01e-30	150
NM_000546.6	CP034495.1	87.218	133	15	1	2244	2376	46953800	46953930	1.01e-30	150
NM_000546.6	CP034495.1	76.712	292	54	9	2083	2362	47208860	47209149	1.01e-30	150
NM_000546.6	CP034495.1	76.254	299	62	7	2081	2373	57281780	57281485	1.01e-30	150
NM_000546.6	CP034495.1	78.313	249	43	8	2122	2362	73046389	73046634	1.01e-30	150
NM_000546.6	CP034495.1	78.210	257	40	11	2108	2357	73474085	73473838	1.01e-30	150
NM_000546.6	CP034495.1	76.282	312	57	11	2081	2381	74049370	74049065	1.01e-30	150
NM_000546.6	CP034495.1	77.656	273	42	16	2100	2357	4193779	4194047	3.62e-30	148
NM_000546.6	CP034495.1	76.897	290	49	13	2094	2374	30696033	30695753	3.62e-30	148
NM_000546.6	CP034495.1	77.647	255	50	3	2115	2362	37281093	37281347	3.62e-30	148
NM_000546.6	CP034495.1	76.871	294	49	16	2091	2375	44010612	44010895	3.62e-30	148
NM_000546.6	CP034495.1	76.512	281	61	4	2084	2360	46471698	46471977	3.62e-30	148
NM_000546.6	CP034495.1	83.133	166	24	3	2199	2362	47463886	47463723	3.62e-30	148
NM_000546.6	CP034495.1	77.656	273	42	16	2100	2357	84374048	84374316	3.62e-30	148
NM_000546.6	CP034495.1	76.224	286	62	4	2088	2369	1723534	1723817	1.30e-29	147
NM_000546.6	CP034495.1	81.667	180	30	3	2199	2376	6996317	6996139	1.30e-29	147
NM_000546.6	CP034495.1	76.408	284	60	7	2096	2374	8564397	8564678	1.30e-29	147
NM_000546.6	CP034495.1	76.207	290	61	6	2087	2373	9925589	9925305	1.30e-29	147
NM_000546.6	CP034495.1	77.061	279	49	7	2088	2362	17517597	17517864	1.30e-29	147
NM_000546.6	CP034495.1	88.983	118	13	0	2263	2380	19592397	19592514	1.30e-29	147
NM_000546.6	CP034495.1	76.786	280	53	7	2098	2374	29215569	29215299	1.30e-29	147
NM_000546.6	CP034495.1	77.338	278	43	8	2089	2360	38851872	38851609	1.30e-29	147
NM_000546.6	CP034495.1	76.000	300	62	5	2086	2376	40236627	40236925	1.30e-29	147
NM_000546.6	CP034495.1	77.444	266	47	9	2104	2362	42574958	42574699	1.30e-29	147
NM_000546.6	CP034495.1	77.154	267	52	6	2124	2384	55272440	55272703	1.30e-29	147
NM_000546.6	CP034495.1	77.061	279	48	10	2092	2362	57551833	57552103	1.30e-29	147
NM_000546.6	CP034495.1	76.351	296	56	11	2095	2385	57585143	57585429	1.30e-29	147
NM_000546.6	CP034495.1	76.159	302	58	10	2084	2377	60683387	60683092	1.30e-29	147
NM_000546.6	CP034495.1	76.176	319	53	14	2079	2385	72870541	72870848	1.30e-29	147
NM_000546.6	CP034495.1	76.224	286	62	4	2088	2369	81903803	81904086	1.30e-29	147
NM_000546.6	CP034495.1	81.667	180	30	3	2199	2376	87176586	87176408	1.30e-29	147
NM_000546.6	CP034495.1	76.619	278	56	8	2088	2360	438174	437901	4.69e-29	145
NM_000546.6	CP034495.1	76.655	287	52	11	2093	2374	14393184	14392908	4.69e-29	145
NM_000546.6	CP034495.1	80.412	194	35	3	2129	2320	18115404	18115212	4.69e-29	145
NM_000546.6	CP034495.1	76.510	298	50	14	2096	2378	19600622	19600330	4.69e-29	145
NM_000546.6	CP034495.1	76.289	291	58	10	2090	2374	38358882	38358597	4.69e-29	145
NM_000546.6	CP034495.1	78.151	238	45	5	2089	2320	41199789	41200025	4.69e-29	145
NM_000546.6	CP034495.1	76.471	289	55	9	2098	2376	46053735	46054020	4.69e-29	145
NM_000546.6	CP034495.1	76.712	292	49	10	2081	2362	49131478	49131760	4.69e-29	145
NM_000546.6	CP034495.1	76.923	273	51	8	2092	2360	49240605	49240341	4.69e-29	145
NM_000546.6	CP034495.1	79.902	204	36	4	2106	2304	56797849	56798052	4.69e-29	145
NM_000546.6	CP034495.1	75.796	314	60	12	2076	2376	57117247	57117557	4.69e-29	145
NM_000546.6	CP034495.1	76.140	285	62	5	2105	2384	60586330	60586047	4.69e-29	145
NM_000546.6	CP034495.1	76.512	281	56	8	2078	2351	62959986	62959709	4.69e-29	145
NM_000546.6	CP034495.1	80.193	207	30	9	2078	2277	70615453	70615655	4.69e-29	145
NM_000546.6	CP034495.1	77.091	275	48	10	2107	2373	73999077	73998810	4.69e-29	145
NM_000546.6	CP034495.1	80.541	185	36	0	2200	2384	6302175	6302359	1.69e-28	143
NM_000546.6	CP034495.1	75.817	306	60	10	2083	2381	19142461	19142759	1.69e-28	143
NM_000546.6	CP034495.1	76.307	287	56	8	2081	2362	28114744	28115023	1.69e-28	143
NM_000546.6	CP034495.1	75.570	307	65	8	2077	2376	29906249	29905946	1.69e-28	143
NM_000546.6	CP034495.1	76.109	293	58	9	2080	2362	30580763	30581053	1.69e-28	143
NM_000546.6	CP034495.1	75.738	305	63	9	2074	2372	42588057	42587758	1.69e-28	143
NM_000546.6	CP034495.1	76.471	289	53	9	2082	2360	47536294	47536011	1.69e-28	143
NM_000546.6	CP034495.1	76.266	316	48	17	2091	2384	47780123	47779813	1.69e-28	143
NM_000546.6	CP034495.1	76.190	315	50	9	2083	2376	48700453	48700763	1.69e-28	143
NM_000546.6	CP034495.1	76.923	273	50	5	2098	2362	61813306	61813573	1.69e-28	143
NM_000546.6	CP034495.1	77.863	262	37	8	2130	2376	63189365	63189110	1.69e-28	143
NM_000546.6	CP034495.1	75.549	319	63	10	2078	2383	65421625	65421941	1.69e-28	143
NM_000546.6	CP034495.1	76.471	306	47	18	2085	2384	72227838	72227552	1.69e-28	143
NM_000546.6	CP034495.1	75.987	304	57	12	2086	2378	77843485	77843783	1.69e-28	143
NM_000546.6	CP034495.1	76.655	287	49	10	2088	2362	78141487	78141767	1.69e-28	143
NM_000546.6	CP034495.1	76.838	272	52	6	2097	2362	78408753	78408487	1.69e-28	143
NM_000546.6	CP034495.1	77.519	258	45	9	2115	2362	80683030	80683284	1.69e-28	143
NM_000546.6	CP034495.1	75.817	306	61	8	2079	2378	80784641	80784939	1.69e-28	143
NM_000546.6	CP034495.1	80.541	185	36	0	2200	2384	86482444	86482628	1.69e-28	143
NM_000546.6	CP034495.1	76.109	293	57	8	2097	2384	159092	158808	6.06e-28	141
NM_000546.6	CP034495.1	100.000	76	0	0	1060	1135	7576928	7576853	6.06e-28	141
NM_000546.6	CP034495.1	80.851	188	28	8	2195	2377	27488146	27487962	6.06e-28	141
NM_000546.6	CP034495.1	77.381	252	48	6	2115	2357	27881279	27881028	6.06e-28	141
NM_000546.6	CP034495.1	81.667	180	24	6	2212	2386	35782412	35782587	6.06e-28	141
NM_000546.6	CP034495.1	76.094	297	56	11	2093	2376	38808821	38809115	6.06e-28	141
NM_000546.6	CP034495.1	76.753	271	51	9	2084	2344	42407907	42407639	6.06e-28	141
NM_000546.6	CP034495.1	80.978	184	29	3	2194	2377	46368406	46368229	6.06e-28	141
NM_000546.6	CP034495.1	77.037	270	47	13	2095	2357	48256470	48256731	6.06e-28	141
NM_000546.6	CP034495.1	75.768	293	64	5	2074	2362	65353157	65352868	6.06e-28	141
NM_000546.6	CP034495.1	76.408	284	53	13	2084	2360	77221371	77221647	6.06e-28	141
NM_000546.6	CP034495.1	100.000	76	0	0	1060	1135	87757197	87757122	6.06e-28	141
NM_000546.6	CP034495.1	76.066	305	51	15	2068	2362	9273242	9272950	2.18e-27	139
NM_000546.6	CP034495.1	76.325	283	54	9	2099	2375	18049031	18048756	2.18e-27	139
NM_000546.6	CP034495.1	75.945	291	59	8	2080	2360	37589033	37588744	2.18e-27	139
NM_000546.6	CP034495.1	77.165	254	48	7	2129	2374	46405031	46405282	2.18e-27	139
NM_000546.6	CP034495.1	76.014	296	55	11	2088	2373	47487243	47487532	2.18e-27	139
NM_000546.6	CP034495.1	79.167	216	33	7	2079	2288	47756456	47756247	2.18e-27	139
NM_000546.6	CP034495.1	76.655	287	46	13	2089	2362	56583548	56583826	2.18e-27	139
NM_000546.6	CP034495.1	75.958	287	59	9	2093	2374	58670413	58670132	2.18e-27	139
NM_000546.6	CP034495.1	75.796	314	55	13	2088	2384	65438987	65438678	2.18e-27	139
NM_000546.6	CP034495.1	77.011	261	46	7	2130	2376	2897316	2897056	7.84e-27	137
NM_000546.6	CP034495.1	76.125	289	54	11	2095	2378	30279093	30279371	7.84e-27	137
NM_000546.6	CP034495.1	75.874	286	60	9	2098	2374	30472020	30471735	7.84e-27	137
NM_000546.6	CP034495.1	75.460	326	57	16	2068	2375	30511492	30511812	7.84e-27	137
NM_000546.6	CP034495.1	88.596	114	12	1	2261	2374	36509628	36509516	7.84e-27	137
NM_000546.6	CP034495.1	76.207	290	52	9	2090	2374	37316592	37316315	7.84e-27	137
NM_000546.6	CP034495.1	75.490	306	61	13	2088	2384	42312715	42313015	7.84e-27	137
NM_000546.6	CP034495.1	75.649	308	57	10	2090	2384	73712971	73712669	7.84e-27	137
NM_000546.6	CP034495.1	75.768	293	59	8	2080	2362	77714774	77715064	7.84e-27	137
NM_000546.6	CP034495.1	77.011	261	46	7	2130	2376	83077585	83077325	7.84e-27	137
NM_000546.6	CP034495.1	76.596	282	45	14	2082	2346	8009255	8008978	2.82e-26	135
NM_000546.6	CP034495.1	76.596	282	45	13	2097	2362	26689838	26689562	2.82e-26	135
NM_000546.6	CP034495.1	83.333	150	21	3	2083	2229	29334019	29334167	2.82e-26	135
NM_000546.6	CP034495.1	80.000	185	36	1	2191	2374	34172364	34172548	2.82e-26	135
NM_000546.6	CP034495.1	75.075	333	61	13	2070	2384	47970671	47970343	2.82e-26	135
NM_000546.6	CP034495.1	77.108	249	47	8	2114	2356	48722987	48723231	2.82e-26	135
NM_000546.6	CP034495.1	75.768	293	58	11	2092	2376	58779955	58780242	2.82e-26	135
NM_000546.6	CP034495.1	84.783	138	17	4	2226	2360	62029658	62029794	2.82e-26	135
NM_000546.6	CP034495.1	75.768	293	57	10	2092	2374	67205195	67204907	2.82e-26	135
NM_000546.6	CP034495.1	76.596	282	45	14	2082	2346	88189524	88189247	2.82e-26	135
NM_000546.6	CP034495.1	75.081	309	65	11	2072	2374	15742835	15743137	1.01e-25	134
NM_000546.6	CP034495.1	75.079	317	64	13	2067	2374	31624881	31624571	1.01e-25	134
NM_000546.6	CP034495.1	75.779	289	56	9	2084	2362	33922588	33922304	1.01e-25	134
NM_000546.6	CP034495.1	76.259	278	50	7	2094	2361	43286830	43287101	1.01e-25	134
NM_000546.6	CP034495.1	79.592	196	33	5	2199	2388	45716276	45716082	1.01e-25	134
NM_000546.6	CP034495.1	76.863	255	48	10	2088	2336	57860573	57860324	1.01e-25	134
NM_000546.6	CP034495.1	75.570	307	56	14	2077	2376	60653049	60653343	1.01e-25	134
NM_000546.6	CP034495.1	76.027	292	51	13	2090	2376	71266585	71266308	1.01e-25	134
NM_000546.6	CP034495.1	75.517	290	61	8	2090	2373	75188746	75189031	1.01e-25	134
NM_000546.6	CP034495.1	76.772	254	49	7	2113	2359	78569280	78569530	1.01e-25	134
NM_000546.6	CP034495.1	77.586	232	45	6	2152	2377	79179653	79179423	1.01e-25	134
NM_000546.6	CP034495.1	76.892	251	46	7	2120	2362	18085916	18086162	3.65e-25	132
NM_000546.6	CP034495.1	76.829	246	50	6	2104	2346	19985911	19985670	3.65e-25	132
NM_000546.6	CP034495.1	76.923	247	48	6	2090	2331	21978744	21978502	3.65e-25	132
NM_000546.6	CP034495.1	79.048	210	31	8	2091	2291	29295324	29295119	3.65e-25	132
NM_000546.6	CP034495.1	75.725	276	59	6	2091	2362	36818845	36819116	3.65e-25	132
NM_000546.6	CP034495.1	84.733	131	20	0	2198	2328	38283525	38283395	3.65e-25	132
NM_000546.6	CP034495.1	80.000	185	32	5	2195	2376	48872295	48872113	3.65e-25	132
NM_000546.6	CP034495.1	75.000	324	61	13	2077	2384	56436997	56436678	3.65e-25	132
NM_000546.6	CP034495.1	77.311	238	44	7	2090	2320	60843572	60843338	3.65e-25	132
NM_000546.6	CP034495.1	80.682	176	28	5	2198	2373	70382524	70382693	3.65e-25	132
NM_000546.6	CP034495.1	85.714	126	17	1	2263	2387	75042571	75042446	3.65e-25	132
NM_000546.6	CP034495.1	75.839	298	49	15	2087	2373	4899695	4899410	1.31e-24	130
NM_000546.6	CP034495.1	76.779	267	40	11	2129	2376	28845937	28845674	1.31e-24	130
NM_000546.6	CP034495.1	81.212	165	27	2	2199	2362	62369240	62369079	1.31e-24	130
NM_000546.6	CP034495.1	75.714	280	56	6	2089	2360	63111495	63111770	1.31e-24	130
NM_000546.6	CP034495.1	75.636	275	60	4	2104	2374	73281035	73281306	1.31e-24	130
NM_000546.6	CP034495.1	75.000	304	65	8	2083	2378	77930045	77930345	1.31e-24	130
NM_000546.6	CP034495.1	81.935	155	26	2	2194	2346	78301209	78301055	1.31e-24	130
NM_000546.6	CP034495.1	75.839	298	49	15	2087	2373	85079964	85079679	1.31e-24	130
NM_000546.6	CP034495.1	75.490	306	51	15	2078	2362	6468855	6468553	4.72e-24	128
NM_000546.6	CP034495.1	75.439	285	58	12	2098	2377	17737418	17737695	4.72e-24	128
NM_000546.6	CP034495.1	75.940	266	55	7	2114	2374	32630801	32630540	4.72e-24	128
NM_000546.6	CP034495.1	75.636	275	58	6	2094	2362	33487462	33487733	4.72e-24	128
NM_000546.6	CP034495.1	87.963	108	13	0	2268	2375	36092856	36092963	4.72e-24	128
NM_000546.6	CP034495.1	75.352	284	61	7	2098	2375	37058323	37058603	4.72e-24	128
NM_000546.6	CP034495.1	76.136	264	52	7	2097	2352	56853696	56853436	4.72e-24	128
NM_000546.6	CP034495.1	89.899	99	10	0	2264	2362	76927916	76927818	4.72e-24	128
NM_000546.6	CP034495.1	75.490	306	51	15	2078	2362	86649124	86648822	4.72e-24	128
NM_000546.6	CP034495.1	85.246	122	18	0	2253	2374	15834481	15834360	1.70e-23	126
NM_000546.6	CP034495.1	80.000	180	28	5	2199	2375	27531696	27531870	1.70e-23	126
NM_000546.6	CP034495.1	79.032	186	38	1	2199	2384	29378240	29378424	1.70e-23	126
NM_000546.6	CP034495.1	75.725	276	53	6	2107	2371	33732414	33732686	1.70e-23	126
NM_000546.6	CP034495.1	82.877	146	20	4	2088	2230	39105299	39105156	1.70e-23	126
NM_000546.6	CP034495.1	74.390	328	69	12	2067	2384	43089799	43089477	1.70e-23	126
NM_000546.6	CP034495.1	74.839	310	63	10	2071	2374	43363352	43363052	1.70e-23	126
NM_000546.6	CP034495.1	79.459	185	33	5	2194	2374	44432230	44432047	1.70e-23	126
NM_000546.6	CP034495.1	78.788	198	35	6	2171	2362	48234244	48234440	1.70e-23	126
NM_000546.6	CP034495.1	75.694	288	50	9	2080	2362	55581099	55581371	1.70e-23	126
NM_000546.6	CP034495.1	75.532	282	56	10	2104	2374	61396721	61397000	1.70e-23	126
NM_000546.6	CP034495.1	75.084	297	60	10	2087	2374	63628465	63628756	1.70e-23	126
NM_000546.6	CP034495.1	75.269	279	61	7	2098	2372	64274379	64274653	1.70e-23	126
NM_000546.6	CP034495.1	75.532	282	55	9	2106	2375	66501961	66501682	1.70e-23	126
NM_000546.6	CP034495.1	75.517	290	53	13	2094	2374	71406001	71406281	1.70e-23	126
NM_000546.6	CP034495.1	80.233	172	28	4	2204	2372	10071134	10071302	6.10e-23	124
NM_000546.6	CP034495.1	86.207	116	14	2	2248	2362	25561940	25562054	6.10e-23	124
NM_000546.6	CP034495.1	75.427	293	52	13	2088	2376	25688276	25688000	6.10e-23	124
NM_000546.6	CP034495.1	86.607	112	15	0	2263	2374	28361557	28361446	6.10e-23	124
NM_000546.6	CP034495.1	78.894	199	31	6	2199	2386	33692416	33692614	6.10e-23	124
NM_000546.6	CP034495.1	76.364	275	40	15	2113	2374	38663676	38663414	6.10e-23	124
NM_000546.6	CP034495.1	86.325	117	13	2	2265	2381	40974599	40974712	6.10e-23	124
NM_000546.6	CP034495.1	86.726	113	14	1	2263	2374	41778309	41778197	6.10e-23	124
NM_000546.6	CP034495.1	75.618	283	52	12	2092	2362	48515029	48514752	6.10e-23	124
NM_000546.6	CP034495.1	75.170	294	57	11	2086	2373	48564247	48564530	6.10e-23	124
NM_000546.6	CP034495.1	76.991	226	47	5	2163	2384	53016678	53016454	6.10e-23	124
NM_000546.6	CP034495.1	76.623	231	50	3	2131	2358	58474766	58474995	6.10e-23	124
NM_000546.6	CP034495.1	75.954	262	52	7	2126	2376	60826086	60825825	6.10e-23	124
NM_000546.6	CP034495.1	79.459	185	31	6	2086	2266	73040119	73040300	6.10e-23	124
NM_000546.6	CP034495.1	86.726	113	13	2	2263	2374	73907910	73908021	6.10e-23	124
NM_000546.6	CP034495.1	74.545	330	63	17	2069	2384	77826346	77826668	6.10e-23	124
NM_000546.6	CP034495.1	75.325	308	48	14	2093	2375	2424151	2424455	2.20e-22	122
NM_000546.6	CP034495.1	76.423	246	47	6	2135	2374	7925053	7924813	2.20e-22	122
NM_000546.6	CP034495.1	75.254	295	53	10	2094	2374	8035953	8035665	2.20e-22	122
NM_000546.6	CP034495.1	74.667	300	65	10	2080	2374	36838437	36838730	2.20e-22	122
NM_000546.6	CP034495.1	85.965	114	16	0	2263	2376	45312169	45312282	2.20e-22	122
NM_000546.6	CP034495.1	74.839	310	59	8	2084	2376	56959554	56959247	2.20e-22	122
NM_000546.6	CP034495.1	76.113	247	51	8	2074	2314	63523260	63523016	2.20e-22	122
NM_000546.6	CP034495.1	80.892	157	29	1	2202	2357	72883329	72883485	2.20e-22	122
NM_000546.6	CP034495.1	75.000	276	63	5	2091	2362	79300156	79299883	2.20e-22	122
NM_000546.6	CP034495.1	75.325	308	48	14	2093	2375	82604420	82604724	2.20e-22	122
NM_000546.6	CP034495.1	76.423	246	47	6	2135	2374	88105322	88105082	2.20e-22	122
NM_000546.6	CP034495.1	75.254	295	53	10	2094	2374	88216222	88215934	2.20e-22	122
NM_000546.6	CP034495.1	83.206	131	22	0	2254	2384	1260102	1259972	7.90e-22	121
NM_000546.6	CP034495.1	74.426	305	67	6	2079	2374	2059715	2059413	7.90e-22	121
NM_000546.6	CP034495.1	86.486	111	14	1	2263	2373	4770784	4770675	7.90e-22	121
NM_000546.6	CP034495.1	75.497	302	44	15	2087	2384	7546882	7547157	7.90e-22	121
NM_000546.6	CP034495.1	75.627	279	49	12	2089	2362	13882954	13882690	7.90e-22	121
NM_000546.6	CP034495.1	76.957	230	42	9	2139	2362	18308181	18308405	7.90e-22	121
NM_000546.6	CP034495.1	75.265	283	55	10	2104	2377	25892466	25892742	7.90e-22	121
NM_000546.6	CP034495.1	74.913	287	60	9	2097	2373	33264186	33263902	7.90e-22	121
NM_000546.6	CP034495.1	75.088	285	57	9	2098	2374	33637848	33637570	7.90e-22	121
NM_000546.6	CP034495.1	77.130	223	42	7	2159	2374	37995982	37996202	7.90e-22	121
NM_000546.6	CP034495.1	85.593	118	13	3	2268	2384	38065784	38065670	7.90e-22	121
NM_000546.6	CP034495.1	75.676	259	53	7	2117	2372	42402467	42402718	7.90e-22	121
NM_000546.6	CP034495.1	78.919	185	34	5	2194	2374	44650169	44649986	7.90e-22	121
NM_000546.6	CP034495.1	75.564	266	54	7	2072	2326	45538417	45538152	7.90e-22	121
NM_000546.6	CP034495.1	85.841	113	16	0	2264	2376	49236654	49236542	7.90e-22	121
NM_000546.6	CP034495.1	75.000	320	51	10	2086	2377	49436341	49436023	7.90e-22	121
NM_000546.6	CP034495.1	75.694	288	45	13	2090	2362	55329541	55329818	7.90e-22	121
NM_000546.6	CP034495.1	85.841	113	16	0	2264	2376	61788573	61788685	7.90e-22	121
NM_000546.6	CP034495.1	75.088	285	58	10	2100	2376	67294332	67294053	7.90e-22	121
NM_000546.6	CP034495.1	86.364	110	15	0	2268	2377	74165535	74165644	7.90e-22	121
NM_000546.6	CP034495.1	88.235	102	11	1	2261	2362	75075961	75075861	7.90e-22	121
NM_000546.6	CP034495.1	75.714	280	46	14	2084	2360	75138660	75138400	7.90e-22	121
NM_000546.6	CP034495.1	74.909	275	63	4	2104	2374	78998563	78998291	7.90e-22	121
NM_000546.6	CP034495.1	83.206	131	22	0	2254	2384	81440371	81440241	7.90e-22	121
NM_000546.6	CP034495.1	74.426	305	67	6	2079	2374	82239984	82239682	7.90e-22	121
NM_000546.6	CP034495.1	86.486	111	14	1	2263	2373	84951053	84950944	7.90e-22	121
NM_000546.6	CP034495.1	75.497	302	44	15	2087	2384	87727151	87727426	7.90e-22	121
NM_000546.6	CP034495.1	84.746	118	18	0	2267	2384	1061571	1061688	2.84e-21	119
NM_000546.6	CP034495.1	85.217	115	17	0	2263	2377	13437861	13437747	2.84e-21	119
NM_000546.6	CP034495.1	76.623	231	44	6	2159	2381	21159510	21159282	2.84e-21	119
NM_000546.6	CP034495.1	75.600	250	55	6	2113	2358	21165183	21164936	2.84e-21	119
NM_000546.6	CP034495.1	79.032	186	29	8	2194	2374	25626446	25626266	2.84e-21	119
NM_000546.6	CP034495.1	85.217	115	17	0	2263	2377	27470437	27470551	2.84e-21	119
NM_000546.6	CP034495.1	75.273	275	54	8	2113	2381	37182200	37181934	2.84e-21	119
NM_000546.6	CP034495.1	74.834	302	56	13	2092	2375	40606923	40607222	2.84e-21	119
NM_000546.6	CP034495.1	74.411	297	66	8	2074	2362	50871337	50871631	2.84e-21	119
NM_000546.6	CP034495.1	76.172	256	44	15	2083	2328	60590680	60590928	2.84e-21	119
NM_000546.6	CP034495.1	85.217	115	17	0	2263	2377	61854003	61854117	2.84e-21	119
NM_000546.6	CP034495.1	79.651	172	29	4	2194	2362	63064138	63063970	2.84e-21	119
NM_000546.6	CP034495.1	84.746	118	18	0	2267	2384	81241840	81241957	2.84e-21	119
NM_000546.6	CP034495.1	76.623	231	43	8	2104	2327	5247735	5247509	1.02e-20	117
NM_000546.6	CP034495.1	75.166	302	47	15	2087	2383	17923993	17924271	1.02e-20	117
NM_000546.6	CP034495.1	90.805	87	8	0	2291	2377	18418417	18418503	1.02e-20	117
NM_000546.6	CP034495.1	84.298	121	17	2	2261	2380	21974094	21974213	1.02e-20	117
NM_000546.6	CP034495.1	83.871	124	18	2	2254	2375	30909099	30909222	1.02e-20	117
NM_000546.6	CP034495.1	78.836	189	29	8	2195	2375	37613957	37614142	1.02e-20	117
NM_000546.6	CP034495.1	74.426	305	62	11	2078	2376	51315021	51314727	1.02e-20	117
NM_000546.6	CP034495.1	78.771	179	34	4	2199	2376	56871554	56871729	1.02e-20	117
NM_000546.6	CP034495.1	85.088	114	17	0	2271	2384	66105819	66105706	1.02e-20	117
NM_000546.6	CP034495.1	75.820	244	52	5	2124	2362	68761501	68761742	1.02e-20	117
NM_000546.6	CP034495.1	74.834	302	54	11	2093	2375	75866490	75866788	1.02e-20	117
NM_000546.6	CP034495.1	76.623	231	43	8	2104	2327	85428004	85427778	1.02e-20	117
NM_000546.6	CP034495.1	89.130	92	10	0	2269	2360	12766439	12766348	3.67e-20	115
NM_000546.6	CP034495.1	76.682	223	42	8	2113	2327	17937713	17937493	3.67e-20	115
NM_000546.6	CP034495.1	82.014	139	22	3	2245	2380	21394118	21393980	3.67e-20	115
NM_000546.6	CP034495.1	78.534	191	30	6	2194	2383	27111757	27111577	3.67e-20	115
NM_000546.6	CP034495.1	82.946	129	21	1	2255	2383	27769923	27769796	3.67e-20	115
NM_000546.6	CP034495.1	74.740	289	58	11	2095	2378	29074773	29075051	3.67e-20	115
NM_000546.6	CP034495.1	82.222	135	23	1	2242	2375	30009164	30009298	3.67e-20	115
NM_000546.6	CP034495.1	79.641	167	29	3	2136	2298	33257261	33257096	3.67e-20	115
NM_000546.6	CP034495.1	84.956	113	17	0	2263	2375	34961780	34961892	3.67e-20	115
NM_000546.6	CP034495.1	85.981	107	15	0	2254	2360	41813852	41813958	3.67e-20	115
NM_000546.6	CP034495.1	83.740	123	19	1	2263	2384	43944101	43944223	3.67e-20	115
NM_000546.6	CP034495.1	76.078	255	42	16	2129	2374	45597537	45597293	3.67e-20	115
NM_000546.6	CP034495.1	74.204	314	64	14	2078	2380	46266079	46265772	3.67e-20	115
NM_000546.6	CP034495.1	81.250	144	25	2	2205	2347	65318713	65318855	3.67e-20	115
NM_000546.6	CP034495.1	76.889	225	38	12	2091	2305	66231172	66230952	3.67e-20	115
NM_000546.6	CP034495.1	80.263	152	30	0	2211	2362	66350917	66350766	3.67e-20	115
NM_000546.6	CP034495.1	75.610	287	41	18	2092	2362	74013009	74012736	3.67e-20	115
NM_000546.6	CP034495.1	75.000	292	51	15	2064	2346	74594758	74595036	3.67e-20	115
NM_000546.6	CP034495.1	84.167	120	15	4	2266	2383	14214575	14214692	1.32e-19	113
NM_000546.6	CP034495.1	75.556	270	45	11	2094	2359	28529121	28528869	1.32e-19	113
NM_000546.6	CP034495.1	78.652	178	33	4	2083	2257	38561703	38561878	1.32e-19	113
NM_000546.6	CP034495.1	74.267	307	61	9	2084	2374	57224015	57224319	1.32e-19	113
NM_000546.6	CP034495.1	78.142	183	37	2	2195	2374	62353966	62353784	1.32e-19	113
NM_000546.6	CP034495.1	89.773	88	9	0	2287	2374	62601657	62601570	1.32e-19	113
NM_000546.6	CP034495.1	75.397	252	53	9	2129	2374	71145199	71144951	1.32e-19	113
NM_000546.6	CP034495.1	87.129	101	12	1	2263	2362	72749869	72749769	1.32e-19	113
NM_000546.6	CP034495.1	74.717	265	61	6	2086	2347	75008671	75008932	1.32e-19	113
NM_000546.6	CP034495.1	76.211	227	45	9	2098	2316	9995007	9995232	4.75e-19	111
NM_000546.6	CP034495.1	89.655	87	9	0	2291	2377	16703928	16703842	4.75e-19	111
NM_000546.6	CP034495.1	89.655	87	9	0	2291	2377	20332493	20332407	4.75e-19	111
NM_000546.6	CP034495.1	74.598	311	52	9	2077	2362	29256703	29257011	4.75e-19	111
NM_000546.6	CP034495.1	84.821	112	15	2	2263	2373	30716635	30716525	4.75e-19	111
NM_000546.6	CP034495.1	81.884	138	20	4	2194	2328	32010669	32010804	4.75e-19	111
NM_000546.6	CP034495.1	84.348	115	17	1	2263	2376	41356528	41356414	4.75e-19	111
NM_000546.6	CP034495.1	77.901	181	38	2	2194	2373	62644799	62644620	4.75e-19	111
NM_000546.6	CP034495.1	77.033	209	37	8	2088	2290	1539924	1539721	1.71e-18	110
NM_000546.6	CP034495.1	82.400	125	22	0	2261	2385	4322713	4322589	1.71e-18	110
NM_000546.6	CP034495.1	74.648	284	54	10	2096	2362	17216296	17216014	1.71e-18	110
NM_000546.6	CP034495.1	82.927	123	20	1	2263	2384	36361524	36361402	1.71e-18	110
NM_000546.6	CP034495.1	86.408	103	10	4	2263	2362	39864500	39864601	1.71e-18	110
NM_000546.6	CP034495.1	82.927	123	20	1	2263	2384	41762029	41761907	1.71e-18	110
NM_000546.6	CP034495.1	74.267	307	57	12	2090	2378	42757346	42757648	1.71e-18	110
NM_000546.6	CP034495.1	85.047	107	16	0	2270	2376	43337487	43337593	1.71e-18	110
NM_000546.6	CP034495.1	80.986	142	24	3	2245	2384	44295114	44294974	1.71e-18	110
NM_000546.6	CP034495.1	82.927	123	20	1	2263	2384	45660390	45660512	1.71e-18	110
NM_000546.6	CP034495.1	75.510	245	49	8	2108	2345	49672959	49672719	1.71e-18	110
NM_000546.6	CP034495.1	84.685	111	15	2	2268	2377	72748409	72748300	1.71e-18	110
NM_000546.6	CP034495.1	77.033	209	37	8	2088	2290	81720193	81719990	1.71e-18	110
NM_000546.6	CP034495.1	82.400	125	22	0	2261	2385	84502982	84502858	1.71e-18	110
NM_000546.6	CP034495.1	74.324	296	57	12	2098	2385	5191215	5190931	6.15e-18	108
NM_000546.6	CP034495.1	89.412	85	9	0	2293	2377	35701196	35701112	6.15e-18	108
NM_000546.6	CP034495.1	78.090	178	33	2	2199	2370	38237627	38237804	6.15e-18	108
NM_000546.6	CP034495.1	74.900	251	56	3	2129	2374	38360634	38360882	6.15e-18	108
NM_000546.6	CP034495.1	83.621	116	18	1	2263	2377	42802189	42802074	6.15e-18	108
NM_000546.6	CP034495.1	84.404	109	17	0	2263	2371	46159453	46159345	6.15e-18	108
NM_000546.6	CP034495.1	75.697	251	41	12	2087	2331	58451756	58451992	6.15e-18	108
NM_000546.6	CP034495.1	86.735	98	12	1	2263	2360	60579160	60579064	6.15e-18	108
NM_000546.6	CP034495.1	86.139	101	13	1	2263	2362	72168620	72168720	6.15e-18	108
NM_000546.6	CP034495.1	92.105	76	6	0	2287	2362	74244481	74244556	6.15e-18	108
NM_000546.6	CP034495.1	74.324	296	57	12	2098	2385	85371484	85371200	6.15e-18	108
NM_000546.6	CP034495.1	77.901	181	32	5	2199	2373	40018	39840	2.21e-17	106
NM_000546.6	CP034495.1	84.404	109	16	1	2276	2384	5296607	5296714	2.21e-17	106
NM_000546.6	CP034495.1	76.329	207	43	5	2129	2331	12978707	12978503	2.21e-17	106
NM_000546.6	CP034495.1	83.333	114	19	0	2263	2376	14076187	14076300	2.21e-17	106
NM_000546.6	CP034495.1	82.114	123	22	0	2254	2376	15473057	15473179	2.21e-17	106
NM_000546.6	CP034495.1	74.286	280	58	10	2086	2359	16212107	16212378	2.21e-17	106
NM_000546.6	CP034495.1	85.321	109	9	4	2254	2362	16421354	16421455	2.21e-17	106
NM_000546.6	CP034495.1	74.349	269	59	7	2115	2374	27748642	27748909	2.21e-17	106
NM_000546.6	CP034495.1	85.859	99	14	0	2276	2374	28093340	28093242	2.21e-17	106
NM_000546.6	CP034495.1	75.591	254	40	13	2127	2361	35920038	35920288	2.21e-17	106
NM_000546.6	CP034495.1	75.439	228	51	3	2104	2326	36237853	36237626	2.21e-17	106
NM_000546.6	CP034495.1	79.375	160	25	7	2068	2222	39038105	39038261	2.21e-17	106
NM_000546.6	CP034495.1	83.929	112	17	1	2263	2374	42050384	42050494	2.21e-17	106
NM_000546.6	CP034495.1	87.368	95	8	2	2268	2362	42539254	42539344	2.21e-17	106
NM_000546.6	CP034495.1	89.286	84	9	0	2292	2375	57278192	57278275	2.21e-17	106
NM_000546.6	CP034495.1	77.957	186	29	7	2082	2256	57395015	57395199	2.21e-17	106
NM_000546.6	CP034495.1	75.207	242	50	7	2093	2327	59170962	59170724	2.21e-17	106
NM_000546.6	CP034495.1	82.031	128	19	2	2248	2374	64516545	64516669	2.21e-17	106
NM_000546.6	CP034495.1	74.386	285	56	14	2099	2374	65777415	65777139	2.21e-17	106
NM_000546.6	CP034495.1	83.333	114	19	0	2263	2376	72587393	72587280	2.21e-17	106
NM_000546.6	CP034495.1	88.506	87	10	0	2275	2361	75381242	75381156	2.21e-17	106
NM_000546.6	CP034495.1	84.404	109	16	1	2276	2384	85476876	85476983	2.21e-17	106
NM_000546.6	CP034495.1	84.259	108	15	2	2254	2360	1600637	1600743	7.95e-17	104
NM_000546.6	CP034495.1	75.527	237	44	8	2100	2327	2123227	2123458	7.95e-17	104
NM_000546.6	CP034495.1	81.022	137	21	5	2254	2386	18237568	18237703	7.95e-17	104
NM_000546.6	CP034495.1	79.487	156	25	6	2073	2223	21040594	21040747	7.95e-17	104
NM_000546.6	CP034495.1	87.778	90	10	1	2287	2375	35804155	35804066	7.95e-17	104
NM_000546.6	CP034495.1	87.640	89	11	0	2286	2374	36984574	36984486	7.95e-17	104
NM_000546.6	CP034495.1	83.784	111	17	1	2263	2373	38163317	38163208	7.95e-17	104
NM_000546.6	CP034495.1	80.282	142	25	3	2245	2384	43704462	43704602	7.95e-17	104
NM_000546.6	CP034495.1	73.786	309	62	12	2083	2376	47459157	47458853	7.95e-17	104
NM_000546.6	CP034495.1	74.275	276	57	9	2091	2362	62579021	62579286	7.95e-17	104
NM_000546.6	CP034495.1	82.759	116	20	0	2268	2383	77986392	77986507	7.95e-17	104
NM_000546.6	CP034495.1	84.259	108	15	2	2254	2360	81780906	81781012	7.95e-17	104
NM_000546.6	CP034495.1	75.527	237	44	8	2100	2327	82303496	82303727	7.95e-17	104
NM_000546.6	CP034495.1	82.114	123	19	3	2254	2376	1514018	1513899	2.86e-16	102
NM_000546.6	CP034495.1	81.102	127	24	0	2248	2374	5205985	5206111	2.86e-16	102
NM_000546.6	CP034495.1	85.149	101	13	2	2263	2362	25680360	25680261	2.86e-16	102
NM_000546.6	CP034495.1	82.906	117	16	3	2263	2377	26484530	26484644	2.86e-16	102
NM_000546.6	CP034495.1	83.636	110	16	2	2268	2376	27157839	27157731	2.86e-16	102
NM_000546.6	CP034495.1	83.036	112	19	0	2263	2374	30787256	30787367	2.86e-16	102
NM_000546.6	CP034495.1	83.486	109	18	0	2276	2384	33803447	33803339	2.86e-16	102
NM_000546.6	CP034495.1	81.746	126	20	3	2251	2374	35894492	35894616	2.86e-16	102
NM_000546.6	CP034495.1	83.186	113	18	1	2263	2374	40487387	40487499	2.86e-16	102
NM_000546.6	CP034495.1	73.186	317	72	6	2074	2377	47891229	47891545	2.86e-16	102
NM_000546.6	CP034495.1	85.714	98	12	2	2295	2391	48630949	48631045	2.86e-16	102
NM_000546.6	CP034495.1	83.036	112	19	0	2263	2374	53076187	53076076	2.86e-16	102
NM_000546.6	CP034495.1	85.000	100	15	0	2263	2362	57486004	57486103	2.86e-16	102
NM_000546.6	CP034495.1	73.244	299	72	7	2092	2384	60372351	60372647	2.86e-16	102
NM_000546.6	CP034495.1	77.907	172	33	4	2194	2360	62113543	62113372	2.86e-16	102
NM_000546.6	CP034495.1	76.238	202	42	6	2129	2327	66107495	66107297	2.86e-16	102
NM_000546.6	CP034495.1	83.333	114	15	4	2264	2374	73523724	73523836	2.86e-16	102
NM_000546.6	CP034495.1	86.316	95	12	1	2268	2362	74640473	74640566	2.86e-16	102
NM_000546.6	CP034495.1	82.114	123	19	3	2254	2376	81694287	81694168	2.86e-16	102
NM_000546.6	CP034495.1	81.102	127	24	0	2248	2374	85386254	85386380	2.86e-16	102
NM_000546.6	CP034495.1	82.906	117	15	4	2263	2376	646714	646828	1.03e-15	100
NM_000546.6	CP034495.1	83.810	105	17	0	2268	2372	1930922	1930818	1.03e-15	100
NM_000546.6	CP034495.1	74.126	286	54	11	2107	2384	15237397	15237670	1.03e-15	100
NM_000546.6	CP034495.1	85.000	100	14	1	2263	2362	17194332	17194430	1.03e-15	100
NM_000546.6	CP034495.1	86.667	90	12	0	2287	2376	20220544	20220455	1.03e-15	100
NM_000546.6	CP034495.1	80.576	139	20	6	2197	2331	25967008	25967143	1.03e-15	100
NM_000546.6	CP034495.1	83.186	113	15	2	2263	2375	29885076	29885184	1.03e-15	100
NM_000546.6	CP034495.1	77.202	193	30	8	2199	2378	33469663	33469854	1.03e-15	100
NM_000546.6	CP034495.1	86.316	95	10	1	2271	2362	41387904	41387998	1.03e-15	100
NM_000546.6	CP034495.1	82.883	111	19	0	2264	2374	44219820	44219710	1.03e-15	100
NM_000546.6	CP034495.1	83.036	112	17	1	2263	2374	55115069	55115178	1.03e-15	100
NM_000546.6	CP034495.1	82.203	118	19	2	2260	2376	56371975	56372091	1.03e-15	100
NM_000546.6	CP034495.1	73.016	315	73	9	2072	2378	58534773	58535083	1.03e-15	100
NM_000546.6	CP034495.1	74.699	249	51	9	2095	2336	79121565	79121322	1.03e-15	100
NM_000546.6	CP034495.1	82.500	120	16	4	2129	2244	79842793	79842911	1.03e-15	100
NM_000546.6	CP034495.1	83.810	105	17	0	2268	2372	82111191	82111087	1.03e-15	100
NM_000546.6	CP034495.1	81.897	116	21	0	2245	2360	21169532	21169417	3.70e-15	99.0
NM_000546.6	CP034495.1	84.158	101	16	0	2274	2374	26803416	26803316	3.70e-15	99.0
NM_000546.6	CP034495.1	81.667	120	20	2	2263	2381	29765971	29765853	3.70e-15	99.0
NM_000546.6	CP034495.1	90.541	74	7	0	2289	2362	30485078	30485151	3.70e-15	99.0
NM_000546.6	CP034495.1	85.000	100	12	3	2263	2360	35709499	35709401	3.70e-15	99.0
NM_000546.6	CP034495.1	84.158	101	16	0	2275	2375	37124300	37124200	3.70e-15	99.0
NM_000546.6	CP034495.1	74.126	286	53	11	2097	2374	38271430	38271158	3.70e-15	99.0
NM_000546.6	CP034495.1	82.727	110	19	0	2277	2386	39996274	39996383	3.70e-15	99.0
NM_000546.6	CP034495.1	85.149	101	9	4	2263	2362	41087598	41087693	3.70e-15	99.0
NM_000546.6	CP034495.1	76.667	180	41	1	2205	2384	42917822	42917644	3.70e-15	99.0
NM_000546.6	CP034495.1	77.907	172	28	7	2164	2327	46098823	46098654	3.70e-15	99.0
NM_000546.6	CP034495.1	85.000	100	12	3	2263	2360	49303538	49303440	3.70e-15	99.0
NM_000546.6	CP034495.1	87.952	83	10	0	2292	2374	59925779	59925861	3.70e-15	99.0
NM_000546.6	CP034495.1	82.301	113	20	0	2263	2375	62137228	62137340	3.70e-15	99.0
NM_000546.6	CP034495.1	73.649	296	61	11	2086	2374	64262143	64262428	3.70e-15	99.0
NM_000546.6	CP034495.1	76.037	217	37	9	2107	2320	64695724	64695928	3.70e-15	99.0
NM_000546.6	CP034495.1	73.377	308	65	13	2087	2384	71925264	71924964	3.70e-15	99.0
NM_000546.6	CP034495.1	75.000	224	51	3	2109	2328	76573632	76573854	3.70e-15	99.0
NM_000546.6	CP034495.1	82.456	114	19	1	2261	2374	77830245	77830357	3.70e-15	99.0
NM_000546.6	CP034495.1	81.452	124	19	4	2254	2375	78951438	78951559	3.70e-15	99.0
NM_000546.6	CP034495.1	82.301	113	20	0	2263	2375	80117052	80117164	3.70e-15	99.0
NM_000546.6	CP034495.1	80.645	124	24	0	2266	2389	398585	398462	1.33e-14	97.1
NM_000546.6	CP034495.1	77.844	167	29	3	2196	2362	2222693	2222851	1.33e-14	97.1
NM_000546.6	CP034495.1	83.333	108	14	3	2275	2380	6255401	6255506	1.33e-14	97.1
NM_000546.6	CP034495.1	75.000	232	47	4	2107	2328	11285408	11285638	1.33e-14	97.1
NM_000546.6	CP034495.1	73.852	283	56	13	2088	2362	16211294	16211022	1.33e-14	97.1
NM_000546.6	CP034495.1	82.143	112	20	0	2263	2374	21726700	21726589	1.33e-14	97.1
NM_000546.6	CP034495.1	84.694	98	14	1	2286	2383	28700799	28700703	1.33e-14	97.1
NM_000546.6	CP034495.1	84.000	100	16	0	2263	2362	30957259	30957358	1.33e-14	97.1
NM_000546.6	CP034495.1	74.118	255	56	9	2129	2377	34848032	34848282	1.33e-14	97.1
NM_000546.6	CP034495.1	82.456	114	16	3	2263	2374	39922813	39922702	1.33e-14	97.1
NM_000546.6	CP034495.1	74.699	249	48	10	2089	2328	41250048	41250290	1.33e-14	97.1
NM_000546.6	CP034495.1	84.694	98	14	1	2263	2360	43607501	43607597	1.33e-14	97.1
NM_000546.6	CP034495.1	82.727	110	17	2	2254	2362	44285193	44285085	1.33e-14	97.1
NM_000546.6	CP034495.1	84.694	98	14	1	2263	2360	44393047	44392951	1.33e-14	97.1
NM_000546.6	CP034495.1	84.694	98	14	1	2263	2360	44610623	44610527	1.33e-14	97.1
NM_000546.6	CP034495.1	84.694	98	14	1	2263	2360	45115821	45115725	1.33e-14	97.1
NM_000546.6	CP034495.1	82.301	113	19	1	2263	2374	45620869	45620981	1.33e-14	97.1
NM_000546.6	CP034495.1	85.714	91	13	0	2287	2377	47163727	47163817	1.33e-14	97.1
NM_000546.6	CP034495.1	85.714	91	13	0	2263	2353	48143535	48143625	1.33e-14	97.1
NM_000546.6	CP034495.1	84.694	98	13	2	2264	2360	55535095	55534999	1.33e-14	97.1
NM_000546.6	CP034495.1	84.000	100	16	0	2263	2362	57179020	57178921	1.33e-14	97.1
NM_000546.6	CP034495.1	72.910	299	73	7	2092	2384	58295100	58295396	1.33e-14	97.1
NM_000546.6	CP034495.1	91.429	70	6	0	2264	2333	61857122	61857191	1.33e-14	97.1
NM_000546.6	CP034495.1	84.694	98	14	1	2263	2360	62872166	62872262	1.33e-14	97.1
NM_000546.6	CP034495.1	86.364	88	12	0	2290	2377	63637694	63637607	1.33e-14	97.1
NM_000546.6	CP034495.1	83.019	106	18	0	2269	2374	75104009	75104114	1.33e-14	97.1
NM_000546.6	CP034495.1	77.844	167	29	3	2196	2362	82402962	82403120	1.33e-14	97.1
NM_000546.6	CP034495.1	83.333	108	14	3	2275	2380	86435670	86435775	1.33e-14	97.1
NM_000546.6	CP034495.1	74.419	258	49	12	2140	2386	10518683	10518432	4.79e-14	95.3
NM_000546.6	CP034495.1	86.364	88	10	2	2276	2362	11961572	11961658	4.79e-14	95.3
NM_000546.6	CP034495.1	82.569	109	17	2	2277	2384	25609696	25609589	4.79e-14	95.3
NM_000546.6	CP034495.1	80.000	130	24	1	2248	2375	40686943	40687072	4.79e-14	95.3
NM_000546.6	CP034495.1	77.301	163	36	1	2212	2374	56873758	56873919	4.79e-14	95.3
NM_000546.6	CP034495.1	81.897	116	17	3	2263	2375	59272915	59273029	4.79e-14	95.3
NM_000546.6	CP034495.1	73.868	287	54	11	2089	2357	65604608	65604891	4.79e-14	95.3
NM_000546.6	CP034495.1	76.471	187	37	5	2195	2377	79584609	79584426	4.79e-14	95.3
NM_000546.6	CP034495.1	84.000	100	14	2	2287	2385	80405787	80405689	4.79e-14	95.3
NM_000546.6	CP034495.1	89.333	75	8	0	2288	2362	80611259	80611185	4.79e-14	95.3
NM_000546.6	CP034495.1	81.739	115	20	1	2261	2374	80865402	80865288	4.79e-14	95.3
NM_000546.6	CP034495.1	74.349	269	45	16	2094	2357	186914	187163	1.72e-13	93.5
NM_000546.6	CP034495.1	91.176	68	6	0	2260	2327	27391010	27391077	1.72e-13	93.5
NM_000546.6	CP034495.1	82.243	107	19	0	2263	2369	28353771	28353877	1.72e-13	93.5
NM_000546.6	CP034495.1	80.645	124	20	3	2263	2384	40795766	40795887	1.72e-13	93.5
NM_000546.6	CP034495.1	91.176	68	6	0	2289	2356	45909868	45909801	1.72e-13	93.5
NM_000546.6	CP034495.1	80.488	123	23	1	2254	2375	60476696	60476818	1.72e-13	93.5
NM_000546.6	CP034495.1	82.243	107	19	0	2212	2318	63253961	63253855	1.72e-13	93.5
NM_000546.6	CP034495.1	76.630	184	33	7	2199	2374	65496913	65497094	1.72e-13	93.5
NM_000546.6	CP034495.1	77.640	161	31	4	2084	2241	74047986	74048144	1.72e-13	93.5
NM_000546.6	CP034495.1	83.168	101	17	0	2261	2361	75147927	75147827	1.72e-13	93.5
NM_000546.6	CP034495.1	90.141	71	5	2	2287	2356	1824767	1824698	6.19e-13	91.6
NM_000546.6	CP034495.1	84.043	94	15	0	2263	2356	2662311	2662404	6.19e-13	91.6
NM_000546.6	CP034495.1	94.828	58	3	0	2263	2320	3837691	3837748	6.19e-13	91.6
NM_000546.6	CP034495.1	83.000	100	17	0	2263	2362	4931114	4931015	6.19e-13	91.6
NM_000546.6	CP034495.1	82.692	104	16	2	2255	2357	17461504	17461402	6.19e-13	91.6
NM_000546.6	CP034495.1	85.882	85	12	0	2287	2371	35828672	35828756	6.19e-13	91.6
NM_000546.6	CP034495.1	78.205	156	24	7	2077	2229	42689579	42689431	6.19e-13	91.6
NM_000546.6	CP034495.1	79.845	129	22	4	2263	2387	43050661	43050533	6.19e-13	91.6
NM_000546.6	CP034495.1	85.227	88	13	0	2275	2362	44038147	44038060	6.19e-13	91.6
NM_000546.6	CP034495.1	81.034	116	21	1	2263	2377	48088958	48089073	6.19e-13	91.6
NM_000546.6	CP034495.1	83.000	100	17	0	2263	2362	48950461	48950560	6.19e-13	91.6
NM_000546.6	CP034495.1	81.579	114	17	3	2263	2374	55079781	55079670	6.19e-13	91.6
NM_000546.6	CP034495.1	84.615	91	14	0	2286	2376	57309189	57309279	6.19e-13	91.6
NM_000546.6	CP034495.1	84.615	91	14	0	2286	2376	62555841	62555751	6.19e-13	91.6
NM_000546.6	CP034495.1	73.203	306	61	13	2081	2372	64331241	64331539	6.19e-13	91.6
NM_000546.6	CP034495.1	80.328	122	23	1	2263	2383	72235026	72235147	6.19e-13	91.6
NM_000546.6	CP034495.1	77.301	163	32	3	2194	2353	74530022	74529862	6.19e-13	91.6
NM_000546.6	CP034495.1	75.521	192	43	4	2195	2384	76539616	76539805	6.19e-13	91.6
NM_000546.6	CP034495.1	90.141	71	5	2	2287	2356	82005036	82004967	6.19e-13	91.6
NM_000546.6	CP034495.1	84.043	94	15	0	2263	2356	82842580	82842673	6.19e-13	91.6
NM_000546.6	CP034495.1	94.828	58	3	0	2263	2320	84017960	84018017	6.19e-13	91.6
NM_000546.6	CP034495.1	83.000	100	17	0	2263	2362	85111383	85111284	6.19e-13	91.6
NM_000546.6	CP034495.1	84.043	94	14	1	2289	2381	10006484	10006391	2.23e-12	89.8
NM_000546.6	CP034495.1	82.828	99	17	0	2276	2374	21023817	21023915	2.23e-12	89.8
NM_000546.6	CP034495.1	84.444	90	14	0	2287	2376	46195181	46195092	2.23e-12	89.8
NM_000546.6	CP034495.1	73.852	283	48	14	2087	2363	57982384	57982646	2.23e-12	89.8
NM_000546.6	CP034495.1	81.250	112	19	2	2263	2374	66037518	66037409	2.23e-12	89.8
NM_000546.6	CP034495.1	84.043	94	12	3	2115	2208	273038	272948	8.01e-12	87.9
NM_000546.6	CP034495.1	80.531	113	22	0	2264	2376	2212435	2212547	8.01e-12	87.9
NM_000546.6	CP034495.1	83.000	100	14	1	2277	2376	2467202	2467106	8.01e-12	87.9
NM_000546.6	CP034495.1	89.855	69	6	1	2268	2335	17521375	17521307	8.01e-12	87.9
NM_000546.6	CP034495.1	85.057	87	12	1	2263	2348	45151802	45151716	8.01e-12	87.9
NM_000546.6	CP034495.1	78.472	144	23	5	2092	2229	64816924	64817065	8.01e-12	87.9
NM_000546.6	CP034495.1	82.353	102	16	2	2276	2376	73051638	73051538	8.01e-12	87.9
NM_000546.6	CP034495.1	84.270	89	14	0	2289	2377	76148757	76148845	8.01e-12	87.9
NM_000546.6	CP034495.1	78.947	133	25	3	2254	2384	78151510	78151641	8.01e-12	87.9
NM_000546.6	CP034495.1	80.531	113	22	0	2264	2376	82392704	82392816	8.01e-12	87.9
NM_000546.6	CP034495.1	83.000	100	14	1	2277	2376	82647471	82647375	8.01e-12	87.9
NM_000546.6	CP034495.1	82.178	101	17	1	2263	2362	26703665	26703765	2.88e-11	86.1
NM_000546.6	CP034495.1	73.356	289	54	15	2079	2357	27367323	27367048	2.88e-11	86.1
NM_000546.6	CP034495.1	80.000	115	23	0	2268	2382	29238484	29238370	2.88e-11	86.1
NM_000546.6	CP034495.1	80.702	114	19	3	2263	2374	49184751	49184639	2.88e-11	86.1
NM_000546.6	CP034495.1	83.871	93	11	4	2254	2343	49208915	49209006	2.88e-11	86.1
NM_000546.6	CP034495.1	73.665	281	48	7	2097	2374	55034617	55034360	2.88e-11	86.1
NM_000546.6	CP034495.1	89.552	67	7	0	2293	2359	58258438	58258504	2.88e-11	86.1
NM_000546.6	CP034495.1	86.842	76	10	0	2287	2362	58550992	58550917	2.88e-11	86.1
NM_000546.6	CP034495.1	83.696	92	14	1	2287	2377	60093366	60093457	2.88e-11	86.1
NM_000546.6	CP034495.1	81.553	103	19	0	2268	2370	76550059	76550161	2.88e-11	86.1
NM_000546.6	CP034495.1	76.829	164	28	6	2199	2362	421134	421287	1.04e-10	84.2
NM_000546.6	CP034495.1	84.524	84	13	0	2290	2373	7410788	7410705	1.04e-10	84.2
NM_000546.6	CP034495.1	74.324	222	46	6	2144	2362	19461821	19462034	1.04e-10	84.2
NM_000546.6	CP034495.1	83.908	87	14	0	2289	2375	19830926	19830840	1.04e-10	84.2
NM_000546.6	CP034495.1	83.333	90	15	0	2287	2376	38661248	38661337	1.04e-10	84.2
NM_000546.6	CP034495.1	82.000	100	16	2	2287	2385	42732888	42732790	1.04e-10	84.2
NM_000546.6	CP034495.1	82.474	97	16	1	2277	2373	42885944	42885849	1.04e-10	84.2
NM_000546.6	CP034495.1	83.908	87	14	0	2276	2362	43610342	43610256	1.04e-10	84.2
NM_000546.6	CP034495.1	83.908	87	14	0	2276	2362	44389864	44389950	1.04e-10	84.2
NM_000546.6	CP034495.1	83.908	87	14	0	2276	2362	44607448	44607534	1.04e-10	84.2
NM_000546.6	CP034495.1	83.908	87	14	0	2276	2362	45111975	45112061	1.04e-10	84.2
NM_000546.6	CP034495.1	82.178	101	14	3	2263	2362	51551940	51552037	1.04e-10	84.2
NM_000546.6	CP034495.1	89.552	67	6	1	2260	2326	55178713	55178778	1.04e-10	84.2
NM_000546.6	CP034495.1	84.706	85	11	2	2279	2362	62679995	62680078	1.04e-10	84.2
NM_000546.6	CP034495.1	83.908	87	14	0	2276	2362	62876010	62875924	1.04e-10	84.2
NM_000546.6	CP034495.1	80.180	111	22	0	2263	2373	65758665	65758775	1.04e-10	84.2
NM_000546.6	CP034495.1	82.796	93	16	0	2268	2360	66000430	66000522	1.04e-10	84.2
NM_000546.6	CP034495.1	76.786	168	27	9	2194	2355	66606507	66606346	1.04e-10	84.2
NM_000546.6	CP034495.1	83.158	95	13	3	2270	2362	66743275	66743182	1.04e-10	84.2
NM_000546.6	CP034495.1	76.364	165	33	4	2201	2360	74768409	74768246	1.04e-10	84.2
NM_000546.6	CP034495.1	83.333	90	15	0	2287	2376	80518690	80518601	1.04e-10	84.2
NM_000546.6	CP034495.1	84.524	84	13	0	2290	2373	87591057	87590974	1.04e-10	84.2
NM_000546.6	CP034495.1	77.465	142	28	3	2201	2339	2254967	2255107	3.73e-10	82.4
NM_000546.6	CP034495.1	79.661	118	20	4	2260	2374	3609561	3609677	3.73e-10	82.4
NM_000546.6	CP034495.1	81.633	98	18	0	2277	2374	4270954	4271051	3.73e-10	82.4
NM_000546.6	CP034495.1	77.632	152	23	9	2079	2222	7498459	7498311	3.73e-10	82.4
NM_000546.6	CP034495.1	75.130	193	38	8	2199	2384	30767003	30766814	3.73e-10	82.4
NM_000546.6	CP034495.1	86.486	74	10	0	2289	2362	32342131	32342204	3.73e-10	82.4
NM_000546.6	CP034495.1	80.180	111	20	2	2254	2362	42531067	42531177	3.73e-10	82.4
NM_000546.6	CP034495.1	78.689	122	26	0	2263	2384	53189458	53189579	3.73e-10	82.4
NM_000546.6	CP034495.1	79.646	113	23	0	2263	2375	55716091	55715979	3.73e-10	82.4
NM_000546.6	CP034495.1	76.190	168	33	6	2163	2328	62649646	62649808	3.73e-10	82.4
NM_000546.6	CP034495.1	72.993	274	58	13	2092	2351	69926773	69927044	3.73e-10	82.4
NM_000546.6	CP034495.1	77.465	142	28	3	2201	2339	82435236	82435376	3.73e-10	82.4
NM_000546.6	CP034495.1	79.661	118	20	4	2260	2374	83789830	83789946	3.73e-10	82.4
NM_000546.6	CP034495.1	81.633	98	18	0	2277	2374	84451223	84451320	3.73e-10	82.4
NM_000546.6	CP034495.1	77.632	152	23	9	2079	2222	87678728	87678580	3.73e-10	82.4
NM_000546.6	CP034495.1	72.152	316	70	10	2082	2384	1492014	1491704	1.34e-09	80.5
NM_000546.6	CP034495.1	83.529	85	14	0	2287	2371	18989963	18989879	1.34e-09	80.5
NM_000546.6	CP034495.1	85.526	76	11	0	2287	2362	19068751	19068826	1.34e-09	80.5
NM_000546.6	CP034495.1	83.529	85	14	0	2287	2371	19116130	19116046	1.34e-09	80.5
NM_000546.6	CP034495.1	88.235	68	7	1	2287	2354	38039522	38039456	1.34e-09	80.5
NM_000546.6	CP034495.1	81.132	106	14	5	2261	2362	42707296	42707399	1.34e-09	80.5
NM_000546.6	CP034495.1	73.333	300	47	20	2085	2374	64130961	64130685	1.34e-09	80.5
NM_000546.6	CP034495.1	76.571	175	23	9	2199	2362	67396603	67396436	1.34e-09	80.5
NM_000546.6	CP034495.1	82.105	95	15	2	2268	2361	74819240	74819333	1.34e-09	80.5
NM_000546.6	CP034495.1	85.714	77	9	2	2287	2362	76182300	76182225	1.34e-09	80.5
NM_000546.6	CP034495.1	84.146	82	13	0	2263	2344	76221903	76221984	1.34e-09	80.5
NM_000546.6	CP034495.1	82.955	88	15	0	2286	2373	76558483	76558396	1.34e-09	80.5
NM_000546.6	CP034495.1	72.152	316	70	10	2082	2384	81672283	81671973	1.34e-09	80.5
NM_000546.6	CP034495.1	85.333	75	11	0	2303	2377	740114	740188	4.82e-09	78.7
NM_000546.6	CP034495.1	75.269	186	35	7	2194	2374	4326870	4327049	4.82e-09	78.7
NM_000546.6	CP034495.1	73.118	279	51	9	2107	2376	19136082	19135819	4.82e-09	78.7
NM_000546.6	CP034495.1	72.039	304	71	8	2086	2377	25759033	25758732	4.82e-09	78.7
NM_000546.6	CP034495.1	72.204	313	67	8	2082	2378	36819881	36820189	4.82e-09	78.7
NM_000546.6	CP034495.1	82.222	90	16	0	2287	2376	38454856	38454945	4.82e-09	78.7
NM_000546.6	CP034495.1	91.228	57	5	0	2287	2343	40954201	40954145	4.82e-09	78.7
NM_000546.6	CP034495.1	83.529	85	13	1	2263	2346	42509140	42509056	4.82e-09	78.7
NM_000546.6	CP034495.1	84.810	79	10	2	2093	2171	44038548	44038472	4.82e-09	78.7
NM_000546.6	CP034495.1	82.955	88	13	2	2289	2376	49049460	49049545	4.82e-09	78.7
NM_000546.6	CP034495.1	84.810	79	11	1	2263	2340	55855573	55855495	4.82e-09	78.7
NM_000546.6	CP034495.1	81.188	101	16	3	2263	2362	58509512	58509414	4.82e-09	78.7
NM_000546.6	CP034495.1	73.878	245	43	11	2084	2314	69051602	69051839	4.82e-09	78.7
NM_000546.6	CP034495.1	85.333	75	11	0	2287	2361	74506479	74506405	4.82e-09	78.7
NM_000546.6	CP034495.1	82.418	91	14	2	2287	2376	76052132	76052221	4.82e-09	78.7
NM_000546.6	CP034495.1	75.269	186	35	7	2194	2374	84507139	84507318	4.82e-09	78.7
NM_000546.6	CP034495.1	85.135	74	11	0	2287	2360	18822495	18822422	1.73e-08	76.8
NM_000546.6	CP034495.1	78.632	117	23	2	2261	2376	19797505	19797390	1.73e-08	76.8
NM_000546.6	CP034495.1	80.392	102	19	1	2261	2362	37217668	37217768	1.73e-08	76.8
NM_000546.6	CP034495.1	86.957	69	8	1	2248	2315	37546530	37546462	1.73e-08	76.8
NM_000546.6	CP034495.1	82.418	91	13	1	2287	2377	54209200	54209113	1.73e-08	76.8
NM_000546.6	CP034495.1	80.808	99	18	1	2263	2360	56231497	56231595	1.73e-08	76.8
NM_000546.6	CP034495.1	79.487	117	16	4	2248	2360	72434700	72434812	1.73e-08	76.8
NM_000546.6	CP034495.1	79.808	104	20	1	2260	2362	5455268	5455371	6.24e-08	75.0
NM_000546.6	CP034495.1	87.692	65	7	1	2263	2327	40503431	40503494	6.24e-08	75.0
NM_000546.6	CP034495.1	82.022	89	14	2	2275	2362	48440344	48440431	6.24e-08	75.0
NM_000546.6	CP034495.1	78.400	125	19	7	2263	2384	48516615	48516734	6.24e-08	75.0
NM_000546.6	CP034495.1	78.899	109	23	0	2263	2371	52287731	52287623	6.24e-08	75.0
NM_000546.6	CP034495.1	84.932	73	11	0	2287	2359	62009082	62009010	6.24e-08	75.0
NM_000546.6	CP034495.1	75.449	167	33	7	2195	2359	74296906	74296746	6.24e-08	75.0
NM_000546.6	CP034495.1	84.416	77	10	2	2287	2362	76189744	76189669	6.24e-08	75.0
NM_000546.6	CP034495.1	79.808	104	20	1	2260	2362	85635537	85635640	6.24e-08	75.0
NM_000546.6	CP034495.1	80.808	99	14	2	2264	2362	1763623	1763716	2.24e-07	73.1
NM_000546.6	CP034495.1	80.208	96	19	0	2280	2375	2152812	2152907	2.24e-07	73.1
NM_000546.6	CP034495.1	72.760	279	52	9	2107	2376	19009920	19009657	2.24e-07	73.1
NM_000546.6	CP034495.1	79.798	99	20	0	2264	2362	26704448	26704350	2.24e-07	73.1
NM_000546.6	CP034495.1	87.500	64	7	1	2287	2350	51217202	51217264	2.24e-07	73.1
NM_000546.6	CP034495.1	89.474	57	6	0	2254	2310	56727991	56728047	2.24e-07	73.1
NM_000546.6	CP034495.1	80.808	99	14	2	2264	2362	81943892	81943985	2.24e-07	73.1
NM_000546.6	CP034495.1	80.208	96	19	0	2280	2375	82333081	82333176	2.24e-07	73.1
NM_000546.6	CP034495.1	88.333	60	6	1	2287	2346	12870613	12870671	8.07e-07	71.3
NM_000546.6	CP034495.1	87.302	63	6	2	2264	2326	57148075	57148015	8.07e-07	71.3
NM_000546.6	CP034495.1	78.261	115	22	3	2263	2375	79788740	79788627	8.07e-07	71.3
NM_000546.6	CP034495.1	79.592	98	19	1	2287	2384	18281941	18281845	2.90e-06	69.4
NM_000546.6	CP034495.1	79.808	104	13	5	2263	2362	33720336	33720237	2.90e-06	69.4
NM_000546.6	CP034495.1	78.571	112	18	4	2194	2305	34783018	34783123	2.90e-06	69.4
NM_000546.6	CP034495.1	78.571	112	18	4	2194	2305	36257992	36257887	2.90e-06	69.4
NM_000546.6	CP034495.1	71.704	311	67	13	2080	2376	2735215	2734912	1.04e-05	67.6
NM_000546.6	CP034495.1	83.562	73	11	1	2254	2326	8271419	8271348	1.04e-05	67.6
NM_000546.6	CP034495.1	86.154	65	6	1	2309	2373	30716272	30716333	1.04e-05	67.6
NM_000546.6	CP034495.1	89.091	55	5	1	2270	2323	45641734	45641680	1.04e-05	67.6
NM_000546.6	CP034495.1	80.435	92	15	2	2287	2376	56549012	56549102	1.04e-05	67.6
NM_000546.6	CP034495.1	71.704	311	67	13	2080	2376	82915484	82915181	1.04e-05	67.6
NM_000546.6	CP034495.1	90.000	50	5	0	2287	2336	1035396	1035347	3.75e-05	65.8
NM_000546.6	CP034495.1	87.500	56	7	0	2307	2362	45746709	45746764	3.75e-05	65.8
NM_000546.6	CP034495.1	93.333	45	2	1	2283	2327	80431166	80431123	3.75e-05	65.8
NM_000546.6	CP034495.1	91.667	48	3	1	2275	2321	80453266	80453219	3.75e-05	65.8
NM_000546.6	CP034495.1	90.000	50	5	0	2287	2336	81215665	81215616	3.75e-05	65.8
NM_000546.6	CP034495.1	100.000	34	0	0	2286	2319	2918283	2918250	1.35e-04	63.9
NM_000546.6	CP034495.1	82.667	75	10	2	2158	2229	9742278	9742204	1.35e-04	63.9
NM_000546.6	CP034495.1	85.246	61	9	0	2260	2320	29814312	29814372	1.35e-04	63.9
NM_000546.6	CP034495.1	75.735	136	28	4	2098	2229	60544161	60544027	1.35e-04	63.9
NM_000546.6	CP034495.1	86.441	59	6	2	2263	2320	62918924	62918981	1.35e-04	63.9
NM_000546.6	CP034495.1	88.462	52	6	0	2269	2320	73879059	73879008	1.35e-04	63.9
NM_000546.6	CP034495.1	100.000	34	0	0	2286	2319	83098552	83098519	1.35e-04	63.9
NM_000546.6	CP034495.1	82.609	69	12	0	2292	2360	4847014	4846946	4.85e-04	62.1
NM_000546.6	CP034495.1	97.222	36	1	0	2194	2229	37858462	37858427	4.85e-04	62.1
NM_000546.6	CP034495.1	82.609	69	12	0	2292	2360	85027283	85027215	4.85e-04	62.1
NM_000546.6	CP034495.1	86.792	53	7	0	2268	2320	1291888	1291940	0.002	60.2
NM_000546.6	CP034495.1	81.081	74	14	0	2289	2362	19787469	19787542	0.002	60.2
NM_000546.6	CP034495.1	86.792	53	7	0	2268	2320	81472157	81472209	0.002	60.2
NM_000546.6	CP034495.1	87.755	49	6	0	2326	2374	1460174	1460126	0.006	58.4
NM_000546.6	CP034495.1	80.769	78	11	3	2287	2362	45877147	45877222	0.006	58.4
NM_000546.6	CP034495.1	84.375	64	5	1	2265	2323	56011460	56011397	0.006	58.4
NM_000546.6	CP034495.1	90.698	43	4	0	2287	2329	66836254	66836296	0.006	58.4
NM_000546.6	CP034495.1	88.000	50	5	1	2335	2384	80453223	80453175	0.006	58.4
NM_000546.6	CP034495.1	87.755	49	6	0	2326	2374	81640443	81640395	0.006	58.4
NM_000546.6	CP034495.1	84.483	58	8	1	2266	2323	73856068	73856012	0.023	56.5
NM_000546.6	NG_017013.2	99.844	1280	1	1	1233	2512	22852	24130	0.0	2351
NM_000546.6	NG_017013.2	100.000	280	0	0	238	517	16278	16557	2.40e-141	518
NM_000546.6	NG_017013.2	100.000	187	0	0	517	703	17314	17500	1.20e-89	346
NM_000546.6	NG_017013.2	100.000	139	0	0	923	1061	18712	18850	5.77e-63	257
NM_000546.6	NG_017013.2	99.167	120	0	1	701	819	17579	17698	3.52e-50	215
NM_000546.6	NG_017013.2	100.000	114	0	0	1	114	5061	5174	4.56e-49	211
NM_000546.6	NG_017013.2	99.138	116	0	1	809	924	18256	18370	5.89e-48	207
NM_000546.6	NG_017013.2	99.115	113	1	0	1130	1242	21830	21942	7.62e-47	204
NM_000546.6	NG_017013.2	100.000	103	0	0	114	216	15928	16030	5.93e-43	191
NM_000546.6	NG_017013.2	100.000	76	0	0	1060	1135	18941	19016	6.06e-28	141
NM_000546.6	AC007421.13	99.844	1280	1	1	1233	2512	2473	3751	0.0	2351
NM_000546.6	AC007421.13	99.115	113	1	0	1130	1242	1451	1563	7.62e-47	204
NM_000546.6	AC007421.13	75.497	302	44	15	2087	2384	28608	28333	7.90e-22	121
NM_000546.6	AC007421.13	77.419	155	24	9	2076	2222	77028	77179	3.73e-10	82.4
NM_000546.6	AY838896.1	99.844	1280	1	1	1233	2512	19881	21159	0.0	2351
NM_000546.6	AY838896.1	99.643	280	1	0	238	517	13307	13586	1.12e-139	512
NM_000546.6	AY838896.1	100.000	187	0	0	517	703	14343	14529	1.20e-89	346
NM_000546.6	AY838896.1	100.000	139	0	0	923	1061	15741	15879	5.77e-63	257
NM_000546.6	AY838896.1	99.167	120	0	1	701	819	14608	14727	3.52e-50	215
NM_000546.6	AY838896.1	100.000	114	0	0	1	114	2086	2199	4.56e-49	211
NM_000546.6	AY838896.1	99.138	116	0	1	809	924	15285	15399	5.89e-48	207
NM_000546.6	AY838896.1	99.115	113	1	0	1130	1242	18859	18971	7.62e-47	204
NM_000546.6	AY838896.1	100.000	103	0	0	114	216	12957	13059	5.93e-43	191
NM_000546.6	AY838896.1	100.000	76	0	0	1060	1135	15970	16045	6.06e-28	141
NM_000546.6	AC087388.9	99.844	1280	1	1	1233	2512	85411	86689	0.0	2351
NM_000546.6	AC087388.9	100.000	280	0	0	238	517	78837	79116	2.40e-141	518
NM_000546.6	AC087388.9	100.000	187	0	0	517	703	79873	80059	1.20e-89	346
NM_000546.6	AC087388.9	100.000	139	0	0	923	1061	81271	81409	5.77e-63	257
NM_000546.6	AC087388.9	99.167	120	0	1	701	819	80138	80257	3.52e-50	215
NM_000546.6	AC087388.9	100.000	114	0	0	1	114	67620	67733	4.56e-49	211
NM_000546.6	AC087388.9	99.138	116	0	1	809	924	80815	80929	5.89e-48	207
NM_000546.6	AC087388.9	99.115	113	1	0	1130	1242	84389	84501	7.62e-47	204
NM_000546.6	AC087388.9	100.000	103	0	0	114	216	78487	78589	5.93e-43	191
NM_000546.6	AC087388.9	76.636	321	54	14	2073	2385	19679	19372	6.02e-33	158
NM_000546.6	AC087388.9	100.000	76	0	0	1060	1135	81500	81575	6.06e-28	141
NM_000546.6	AC087388.9	76.221	307	43	15	2082	2384	111541	111261	2.82e-26	135
NM_000546.6	KX710182.1	100.000	1270	0	0	1243	2512	2463	3732	0.0	2346
NM_000546.6	KX710182.1	100.000	279	0	0	239	517	599	877	8.62e-141	516
NM_000546.6	KX710182.1	99.457	184	1	0	518	701	978	1161	2.59e-86	335
NM_000546.6	KX710182.1	100.000	137	0	0	925	1061	1685	1821	7.46e-62	254
NM_000546.6	KX710182.1	100.000	114	0	0	1	114	61	174	4.56e-49	211
NM_000546.6	KX710182.1	100.000	113	0	0	702	814	1262	1374	1.64e-48	209
NM_000546.6	KX710182.1	100.000	110	0	0	815	924	1475	1584	7.62e-47	204
NM_000546.6	KX710182.1	100.000	107	0	0	1136	1242	2256	2362	3.55e-45	198
NM_000546.6	KX710182.1	100.000	102	0	0	115	216	275	376	2.13e-42	189
NM_000546.6	KX710182.1	100.000	74	0	0	1062	1135	1922	1995	7.84e-27	137
NM_000546.6	JQ694049.1	100.000	1270	0	0	120	1389	1	1270	0.0	2346


